=== Phase 8: Finding Exception Threshold ===
Starting from κ=1000 (known safe) and stepping up to find first exception...

Testing κ=1000...
  F64 → phase8_logs/phase8_κ1000_F64.log
------------- NVBit (NVidia Binary Instrumentation Tool v1.8) Loaded --------------
NVBit core environment variables (mostly for nvbit-devs):
ACK_CTX_INIT_LIMITATION = 0 - if set, no warning will be printed for nvbit_at_ctx_init()
            NVDISASM = nvdisasm - override default nvdisasm found in PATH
            NOBANNER = 0 - if set, does not print this banner
       NO_EAGER_LOAD = 1 - lazy module loading is now turned on by default. If you see deadlocks in your tool, set NO_EAGER_LOAD to 0
---------------------------------------------------------------------------------
         INSTR_BEGIN = 0 - Beginning of the instruction interval where to apply instrumentation
           INSTR_END = 4294967295 - End of the instruction interval where to apply instrumentation
        TOOL_VERBOSE = 0 - Enable verbosity inside the tool
   ENABLE_FUN_DETAIL = 0 - Enable detailed function information for kernel
     PRINT_ILL_INSTR = 0 - Print the instruction which caused the exception
            SAMPLING = 0 - Instrument a repeat kernel every SAMPLING times
           INSTR_MEM = 0 - Instrument memory instructions for NaN/Inf detection
           HISTOGRAM = 0 - Enable FP exponent histogramming
       BIN_SPEC_FILE =  - Specification for which exponent ranges to report. If the file does not exist, a template specification will be created.
For example:
{
    "count": 128,
    "doublings": 0,
    "bf16": [],
    "f16": [[0,5],[-4,-1]],
    "f32": [],
    "f64": []
}
will report every 128 occurrences of exponents in the ranges 0 to 5 and -4 to -1 for f16 numbers.

If `doublings=-N`, where `N` is positive, then each bucket will begin with a
size of `count`. When a bucket reaches the count threshold, it will double the
threshold and report. This doubling will continue until one bucket has been
doubled N times, then all buckets are reset to `count`.
             LOGFILE =  - Path to the optional log file. Default is to print to stderr. This is useful for the case when an instrumented program is capturing stderr.
           LINE_INFO = 1 - Disable debug information for source code locations. Having this enabled may cause crashes, so set this to 0 if you encounter issues.
#nixnan: ----------------------------------------------------------------------------------
WARNING: Do not call CUDA memory allocation in nvbit_at_ctx_init(). It will cause deadlocks. Do them in nvbit_tool_init(). If you encounter deadlocks, remove CUDA API calls to debug.
#nixnan: Initializing GPU context...
#nixnan: Could not open kernel_whitelist.txt!
#nixnan: Could not open kernel_blacklist.txt!
#nixnan: Instrumenting all kernels
#nixnan: running kernel [generate_seed_pseudo] ...
#nixnan: #nixnan: warning: Infinite immediate found in operand 3 of @P1 DFMA R44, R50, R44, +INF  ;
#nixnan: #nixnan: warning: Infinite immediate found in operand 3 of @P1 DFMA R44, R56, R44, +INF  ;
#nixnan: running kernel [void gen_sequenced_Philox] ...
#nixnan: running kernel [copy_info_kernel] ...
#nixnan: running kernel [void geqr2_smem_domino_fast] ...
#nixnan: error [div0] detected in operand 1 of instruction MUFU.RSQ64H R19, R27 ; in function void geqr2_smem_domino_fast of type f64
#nixnan: error [NaN] detected in operand 1 of instruction DMUL R10, R18, R18 ; in function void geqr2_smem_domino_fast of type f64
#nixnan: error [NaN] detected in operand 2 of instruction DMUL R10, R18, R18 ; in function void geqr2_smem_domino_fast of type f64
#nixnan: error [infinity] detected in operand 0 of instruction MUFU.RSQ64H R19, R27 ; in function void geqr2_smem_domino_fast of type f64
#nixnan: error [NaN] detected in operand 0 of instruction DMUL R10, R18, R18 ; in function void geqr2_smem_domino_fast of type f64
#nixnan: error [NaN] detected in operand 1 of instruction DFMA R16, R10, R16, 0.5 ; in function void geqr2_smem_domino_fast of type f64
#nixnan: error [NaN] detected in operand 2 of instruction DFMA R10, R26, -R10, 1 ; in function void geqr2_smem_domino_fast of type f64
#nixnan: error [NaN] detected in operand 1 of instruction DMUL R10, R18, R10 ; in function void geqr2_smem_domino_fast of type f64
#nixnan: error [NaN] detected in operand 0 of instruction DFMA R16, R10, R16, 0.5 ; in function void geqr2_smem_domino_fast of type f64
#nixnan: error [NaN] detected in operand 0 of instruction DMUL R10, R18, R10 ; in function void geqr2_smem_domino_fast of type f64
#nixnan: error [NaN] detected in operand 0 of instruction DFMA R10, R26, -R10, 1 ; in function void geqr2_smem_domino_fast of type f64
#nixnan: error [NaN] detected in operand 1 of instruction DFMA R10, R16, R10, R18 ; in function void geqr2_smem_domino_fast of type f64
#nixnan: error [NaN] detected in operand 2 of instruction DMUL R10, R18, R10 ; in function void geqr2_smem_domino_fast of type f64
#nixnan: error [NaN] detected in operand 2 of instruction DFMA R10, R16, R10, R18 ; in function void geqr2_smem_domino_fast of type f64
#nixnan: error [NaN] detected in operand 0 of instruction DFMA R10, R16, R10, R18 ; in function void geqr2_smem_domino_fast of type f64
#nixnan: error [NaN] detected in operand 0 of instruction DMUL R24, R26, R10 ; in function void geqr2_smem_domino_fast of type f64
#nixnan: error [NaN] detected in operand 1 of instruction DFMA R20, R24, -R24, R26 ; in function void geqr2_smem_domino_fast of type f64
#nixnan: error [NaN] detected in operand 3 of instruction DFMA R10, R16, R10, R18 ; in function void geqr2_smem_domino_fast of type f64
#nixnan: error [NaN] detected in operand 2 of instruction DFMA R20, R24, -R24, R26 ; in function void geqr2_smem_domino_fast of type f64
#nixnan: error [NaN] detected in operand 3 of instruction DFMA R8, R20, R16, R24 ; in function void geqr2_smem_domino_fast of type f64
#nixnan: error [NaN] detected in operand 1 of instruction DFMA R8, R20, R16, R24 ; in function void geqr2_smem_domino_fast of type f64
#nixnan: error [NaN] detected in operand 0 of instruction DFMA R8, R20, R16, R24 ; in function void geqr2_smem_domino_fast of type f64
#nixnan: error [NaN] detected in operand 2 of instruction DMUL R24, R26, R10 ; in function void geqr2_smem_domino_fast of type f64
#nixnan: error [NaN] detected in operand 0 of instruction DFMA R20, R24, -R24, R26 ; in function void geqr2_smem_domino_fast of type f64
#nixnan: running kernel [void orgqr_step1_kernel] ...
#nixnan: running kernel [void cutlass::Kernel2] ...
#nixnan: running kernel [void larft_T_64_batch] ...
#nixnan: running kernel [void batch_eye_kernel] ...
#nixnan: running kernel [void lacpy_kernel] ...
#nixnan: running kernel [k_colscale] ...
#nixnan: running kernel [k_d2s] ...
#nixnan: running kernel [k_s2d] ...
#nixnan: running kernel [void gemv2N_kernel] ...
#nixnan: running kernel [xxtrf4_set_info_ker] ...
#nixnan: running kernel [void kernel] ...
#nixnan: running kernel [dtrsv_init] ...
#nixnan: running kernel [void trsv_ln_exec] ...
#nixnan: running kernel [dtrsv_init_up] ...
#nixnan: running kernel [void trsv_lt_exec] ...
#nixnan: running kernel [void iamax_kernel] ...
#nixnan: running kernel [void scal_kernel_val] ...
#nixnan: running kernel [k_scan_nonfinite] ...
#nixnan: running kernel [void axpy_kernel_val] ...
iter=0 dt_ms=4362.684 err=1.622e-06 exc=0
RESULT config=F64 n=256 kappa=1.00e+03 seed=0 status=converged niter=1 t_fact_ms=191.66 t_loop_ms=4363.82 t_per_iter_ms=4363.817 first_exc_iter=-1 first_exc_ms=-1.000
TOTAL config=F64 t_total_ms=4555.48 (= t_fact + t_loop)
#nixnan: Finalizing GPU context...

#nixnan: ------------ nixnan Report -----------

#nixnan: --- FP16 Operations ---
#nixnan: NaN:                    0 (0 repeats)
#nixnan: Infinity:               0 (0 repeats)
#nixnan: -Infinity:              0 (0 repeats)
#nixnan: Subnormal:              0 (0 repeats)
#nixnan: Division by 0:          0 (0 repeats)

#nixnan: --- BF16 Operations ---
#nixnan: NaN:                    0 (0 repeats)
#nixnan: Infinity:               0 (0 repeats)
#nixnan: -Infinity:              0 (0 repeats)
#nixnan: Subnormal:              0 (0 repeats)
#nixnan: Division by 0:          0 (0 repeats)

#nixnan: --- FP32 Operations ---
#nixnan: NaN:                    0 (0 repeats)
#nixnan: Infinity:               0 (0 repeats)
#nixnan: -Infinity:              0 (0 repeats)
#nixnan: Subnormal:              0 (0 repeats)
#nixnan: Division by 0:          0 (0 repeats)

#nixnan: --- FP64 Operations ---
#nixnan: NaN:                   22 (154 repeats)
#nixnan: Infinity:               1 (7 repeats)
#nixnan: -Infinity:              0 (0 repeats)
#nixnan: Subnormal:              0 (0 repeats)
#nixnan: Division by 0:          1 (8 repeats)

#nixnan: --- FP16 Memory  Operations ---
#nixnan: NaN:                    0 (0 repeats)
#nixnan: --- BF16 Memory  Operations ---
#nixnan: NaN:                    0 (0 repeats)
#nixnan: --- FP32 Memory  Operations ---
#nixnan: NaN:                    0 (0 repeats)
#nixnan: --- FP64 Memory  Operations ---
#nixnan: NaN:                    0 (0 repeats)
    ✓ EXCEPTION FOUND in F64 at κ=1000
  F32 → phase8_logs/phase8_κ1000_F32.log
------------- NVBit (NVidia Binary Instrumentation Tool v1.8) Loaded --------------
NVBit core environment variables (mostly for nvbit-devs):
ACK_CTX_INIT_LIMITATION = 0 - if set, no warning will be printed for nvbit_at_ctx_init()
            NVDISASM = nvdisasm - override default nvdisasm found in PATH
            NOBANNER = 0 - if set, does not print this banner
       NO_EAGER_LOAD = 1 - lazy module loading is now turned on by default. If you see deadlocks in your tool, set NO_EAGER_LOAD to 0
---------------------------------------------------------------------------------
         INSTR_BEGIN = 0 - Beginning of the instruction interval where to apply instrumentation
           INSTR_END = 4294967295 - End of the instruction interval where to apply instrumentation
        TOOL_VERBOSE = 0 - Enable verbosity inside the tool
   ENABLE_FUN_DETAIL = 0 - Enable detailed function information for kernel
     PRINT_ILL_INSTR = 0 - Print the instruction which caused the exception
            SAMPLING = 0 - Instrument a repeat kernel every SAMPLING times
           INSTR_MEM = 0 - Instrument memory instructions for NaN/Inf detection
           HISTOGRAM = 0 - Enable FP exponent histogramming
       BIN_SPEC_FILE =  - Specification for which exponent ranges to report. If the file does not exist, a template specification will be created.
For example:
{
    "count": 128,
    "doublings": 0,
    "bf16": [],
    "f16": [[0,5],[-4,-1]],
    "f32": [],
    "f64": []
}
will report every 128 occurrences of exponents in the ranges 0 to 5 and -4 to -1 for f16 numbers.

If `doublings=-N`, where `N` is positive, then each bucket will begin with a
size of `count`. When a bucket reaches the count threshold, it will double the
threshold and report. This doubling will continue until one bucket has been
doubled N times, then all buckets are reset to `count`.
             LOGFILE =  - Path to the optional log file. Default is to print to stderr. This is useful for the case when an instrumented program is capturing stderr.
           LINE_INFO = 1 - Disable debug information for source code locations. Having this enabled may cause crashes, so set this to 0 if you encounter issues.
#nixnan: ----------------------------------------------------------------------------------
WARNING: Do not call CUDA memory allocation in nvbit_at_ctx_init(). It will cause deadlocks. Do them in nvbit_tool_init(). If you encounter deadlocks, remove CUDA API calls to debug.
#nixnan: Initializing GPU context...
#nixnan: Could not open kernel_whitelist.txt!
#nixnan: Could not open kernel_blacklist.txt!
#nixnan: Instrumenting all kernels
#nixnan: running kernel [generate_seed_pseudo] ...
#nixnan: #nixnan: warning: Infinite immediate found in operand 3 of @P1 DFMA R44, R50, R44, +INF  ;
#nixnan: #nixnan: warning: Infinite immediate found in operand 3 of @P1 DFMA R44, R56, R44, +INF  ;
#nixnan: running kernel [void gen_sequenced_Philox] ...
#nixnan: running kernel [copy_info_kernel] ...
#nixnan: running kernel [void geqr2_smem_domino_fast] ...
#nixnan: error [div0] detected in operand 1 of instruction MUFU.RSQ64H R19, R27 ; in function void geqr2_smem_domino_fast of type f64
#nixnan: error [NaN] detected in operand 1 of instruction DMUL R10, R18, R18 ; in function void geqr2_smem_domino_fast of type f64
#nixnan: error [NaN] detected in operand 2 of instruction DFMA R10, R26, -R10, 1 ; in function void geqr2_smem_domino_fast of type f64
#nixnan: error [NaN] detected in operand 2 of instruction DMUL R10, R18, R18 ; in function void geqr2_smem_domino_fast of type f64
#nixnan: error [infinity] detected in operand 0 of instruction MUFU.RSQ64H R19, R27 ; in function void geqr2_smem_domino_fast of type f64
#nixnan: error [NaN] detected in operand 0 of instruction DFMA R16, R10, R16, 0.5 ; in function void geqr2_smem_domino_fast of type f64
#nixnan: error [NaN] detected in operand 0 of instruction DFMA R10, R26, -R10, 1 ; in function void geqr2_smem_domino_fast of type f64
#nixnan: error [NaN] detected in operand 0 of instruction DMUL R10, R18, R18 ; in function void geqr2_smem_domino_fast of type f64
#nixnan: error [NaN] detected in operand 1 of instruction DFMA R16, R10, R16, 0.5 ; in function void geqr2_smem_domino_fast of type f64
#nixnan: error [NaN] detected in operand 2 of instruction DMUL R10, R18, R10 ; in function void geqr2_smem_domino_fast of type f64
#nixnan: error [NaN] detected in operand 0 of instruction DMUL R10, R18, R10 ; in function void geqr2_smem_domino_fast of type f64
#nixnan: error [NaN] detected in operand 1 of instruction DFMA R10, R16, R10, R18 ; in function void geqr2_smem_domino_fast of type f64
#nixnan: error [NaN] detected in operand 2 of instruction DFMA R10, R16, R10, R18 ; in function void geqr2_smem_domino_fast of type f64
#nixnan: error [NaN] detected in operand 3 of instruction DFMA R10, R16, R10, R18 ; in function void geqr2_smem_domino_fast of type f64
#nixnan: error [NaN] detected in operand 0 of instruction DFMA R10, R16, R10, R18 ; in function void geqr2_smem_domino_fast of type f64
#nixnan: error [NaN] detected in operand 1 of instruction DMUL R10, R18, R10 ; in function void geqr2_smem_domino_fast of type f64
#nixnan: error [NaN] detected in operand 0 of instruction DMUL R24, R26, R10 ; in function void geqr2_smem_domino_fast of type f64
#nixnan: error [NaN] detected in operand 1 of instruction DFMA R20, R24, -R24, R26 ; in function void geqr2_smem_domino_fast of type f64
#nixnan: error [NaN] detected in operand 2 of instruction DMUL R24, R26, R10 ; in function void geqr2_smem_domino_fast of type f64
#nixnan: error [NaN] detected in operand 2 of instruction DFMA R20, R24, -R24, R26 ; in function void geqr2_smem_domino_fast of type f64
#nixnan: error [NaN] detected in operand 1 of instruction DFMA R8, R20, R16, R24 ; in function void geqr2_smem_domino_fast of type f64
#nixnan: error [NaN] detected in operand 0 of instruction DFMA R20, R24, -R24, R26 ; in function void geqr2_smem_domino_fast of type f64
#nixnan: error [NaN] detected in operand 3 of instruction DFMA R8, R20, R16, R24 ; in function void geqr2_smem_domino_fast of type f64
#nixnan: error [NaN] detected in operand 0 of instruction DFMA R8, R20, R16, R24 ; in function void geqr2_smem_domino_fast of type f64
#nixnan: running kernel [void orgqr_step1_kernel] ...
#nixnan: running kernel [void cutlass::Kernel2] ...
#nixnan: running kernel [void larft_T_64_batch] ...
#nixnan: running kernel [void batch_eye_kernel] ...
#nixnan: running kernel [void lacpy_kernel] ...
#nixnan: running kernel [k_colscale] ...
#nixnan: running kernel [k_d2s] ...
#nixnan: running kernel [k_s2d] ...
#nixnan: running kernel [void gemv2N_kernel] ...
#nixnan: running kernel [xxtrf4_set_info_ker] ...
#nixnan: running kernel [void kernel] ...
#nixnan: running kernel [dtrsv_init] ...
#nixnan: running kernel [void trsv_ln_exec] ...
#nixnan: running kernel [dtrsv_init_up] ...
#nixnan: running kernel [void trsv_lt_exec] ...
#nixnan: running kernel [void iamax_kernel] ...
#nixnan: running kernel [void scal_kernel_val] ...
#nixnan: running kernel [k_scan_nonfinite] ...
#nixnan: running kernel [void axpy_kernel_val] ...
iter=0 dt_ms=4342.928 err=1.382e-05 exc=0
RESULT config=F32 n=256 kappa=1.00e+03 seed=0 status=converged niter=1 t_fact_ms=688.05 t_loop_ms=4344.19 t_per_iter_ms=4344.195 first_exc_iter=-1 first_exc_ms=-1.000
TOTAL config=F32 t_total_ms=5032.25 (= t_fact + t_loop)
#nixnan: Finalizing GPU context...

#nixnan: ------------ nixnan Report -----------

#nixnan: --- FP16 Operations ---
#nixnan: NaN:                    0 (0 repeats)
#nixnan: Infinity:               0 (0 repeats)
#nixnan: -Infinity:              0 (0 repeats)
#nixnan: Subnormal:              0 (0 repeats)
#nixnan: Division by 0:          0 (0 repeats)

#nixnan: --- BF16 Operations ---
#nixnan: NaN:                    0 (0 repeats)
#nixnan: Infinity:               0 (0 repeats)
#nixnan: -Infinity:              0 (0 repeats)
#nixnan: Subnormal:              0 (0 repeats)
#nixnan: Division by 0:          0 (0 repeats)

#nixnan: --- FP32 Operations ---
#nixnan: NaN:                    0 (0 repeats)
#nixnan: Infinity:               0 (0 repeats)
#nixnan: -Infinity:              0 (0 repeats)
#nixnan: Subnormal:              0 (0 repeats)
#nixnan: Division by 0:          0 (0 repeats)

#nixnan: --- FP64 Operations ---
#nixnan: NaN:                   22 (154 repeats)
#nixnan: Infinity:               1 (7 repeats)
#nixnan: -Infinity:              0 (0 repeats)
#nixnan: Subnormal:              0 (0 repeats)
#nixnan: Division by 0:          1 (8 repeats)

#nixnan: --- FP16 Memory  Operations ---
#nixnan: NaN:                    0 (0 repeats)
#nixnan: --- BF16 Memory  Operations ---
#nixnan: NaN:                    0 (0 repeats)
#nixnan: --- FP32 Memory  Operations ---
#nixnan: NaN:                    0 (0 repeats)
#nixnan: --- FP64 Memory  Operations ---
#nixnan: NaN:                    0 (0 repeats)
    ✓ EXCEPTION FOUND in F32 at κ=1000
  TF32 → phase8_logs/phase8_κ1000_TF32.log
------------- NVBit (NVidia Binary Instrumentation Tool v1.8) Loaded --------------
NVBit core environment variables (mostly for nvbit-devs):
ACK_CTX_INIT_LIMITATION = 0 - if set, no warning will be printed for nvbit_at_ctx_init()
            NVDISASM = nvdisasm - override default nvdisasm found in PATH
            NOBANNER = 0 - if set, does not print this banner
       NO_EAGER_LOAD = 1 - lazy module loading is now turned on by default. If you see deadlocks in your tool, set NO_EAGER_LOAD to 0
---------------------------------------------------------------------------------
         INSTR_BEGIN = 0 - Beginning of the instruction interval where to apply instrumentation
           INSTR_END = 4294967295 - End of the instruction interval where to apply instrumentation
        TOOL_VERBOSE = 0 - Enable verbosity inside the tool
   ENABLE_FUN_DETAIL = 0 - Enable detailed function information for kernel
     PRINT_ILL_INSTR = 0 - Print the instruction which caused the exception
            SAMPLING = 0 - Instrument a repeat kernel every SAMPLING times
           INSTR_MEM = 0 - Instrument memory instructions for NaN/Inf detection
           HISTOGRAM = 0 - Enable FP exponent histogramming
       BIN_SPEC_FILE =  - Specification for which exponent ranges to report. If the file does not exist, a template specification will be created.
For example:
{
    "count": 128,
    "doublings": 0,
    "bf16": [],
    "f16": [[0,5],[-4,-1]],
    "f32": [],
    "f64": []
}
will report every 128 occurrences of exponents in the ranges 0 to 5 and -4 to -1 for f16 numbers.

If `doublings=-N`, where `N` is positive, then each bucket will begin with a
size of `count`. When a bucket reaches the count threshold, it will double the
threshold and report. This doubling will continue until one bucket has been
doubled N times, then all buckets are reset to `count`.
             LOGFILE =  - Path to the optional log file. Default is to print to stderr. This is useful for the case when an instrumented program is capturing stderr.
           LINE_INFO = 1 - Disable debug information for source code locations. Having this enabled may cause crashes, so set this to 0 if you encounter issues.
#nixnan: ----------------------------------------------------------------------------------
WARNING: Do not call CUDA memory allocation in nvbit_at_ctx_init(). It will cause deadlocks. Do them in nvbit_tool_init(). If you encounter deadlocks, remove CUDA API calls to debug.
#nixnan: Initializing GPU context...
#nixnan: Could not open kernel_whitelist.txt!
#nixnan: Could not open kernel_blacklist.txt!
#nixnan: Instrumenting all kernels
#nixnan: running kernel [generate_seed_pseudo] ...
#nixnan: #nixnan: warning: Infinite immediate found in operand 3 of @P1 DFMA R44, R50, R44, +INF  ;
#nixnan: #nixnan: warning: Infinite immediate found in operand 3 of @P1 DFMA R44, R56, R44, +INF  ;
#nixnan: running kernel [void gen_sequenced_Philox] ...
#nixnan: running kernel [copy_info_kernel] ...
#nixnan: running kernel [void geqr2_smem_domino_fast] ...
#nixnan: error [div0] detected in operand 1 of instruction MUFU.RSQ64H R19, R27 ; in function void geqr2_smem_domino_fast of type f64
#nixnan: error [NaN] detected in operand 2 of instruction DMUL R10, R18, R18 ; in function void geqr2_smem_domino_fast of type f64
#nixnan: error [NaN] detected in operand 0 of instruction DMUL R10, R18, R18 ; in function void geqr2_smem_domino_fast of type f64
#nixnan: error [NaN] detected in operand 2 of instruction DFMA R10, R26, -R10, 1 ; in function void geqr2_smem_domino_fast of type f64
#nixnan: error [NaN] detected in operand 1 of instruction DMUL R10, R18, R18 ; in function void geqr2_smem_domino_fast of type f64
#nixnan: error [NaN] detected in operand 0 of instruction DFMA R16, R10, R16, 0.5 ; in function void geqr2_smem_domino_fast of type f64
#nixnan: error [NaN] detected in operand 0 of instruction DFMA R10, R26, -R10, 1 ; in function void geqr2_smem_domino_fast of type f64
#nixnan: error [NaN] detected in operand 1 of instruction DFMA R16, R10, R16, 0.5 ; in function void geqr2_smem_domino_fast of type f64
#nixnan: error [NaN] detected in operand 1 of instruction DMUL R10, R18, R10 ; in function void geqr2_smem_domino_fast of type f64
#nixnan: error [NaN] detected in operand 2 of instruction DMUL R10, R18, R10 ; in function void geqr2_smem_domino_fast of type f64
#nixnan: error [NaN] detected in operand 0 of instruction DMUL R10, R18, R10 ; in function void geqr2_smem_domino_fast of type f64
#nixnan: error [NaN] detected in operand 2 of instruction DFMA R10, R16, R10, R18 ; in function void geqr2_smem_domino_fast of type f64
#nixnan: error [infinity] detected in operand 0 of instruction MUFU.RSQ64H R19, R27 ; in function void geqr2_smem_domino_fast of type f64
#nixnan: error [NaN] detected in operand 1 of instruction DFMA R10, R16, R10, R18 ; in function void geqr2_smem_domino_fast of type f64
#nixnan: error [NaN] detected in operand 0 of instruction DFMA R10, R16, R10, R18 ; in function void geqr2_smem_domino_fast of type f64
#nixnan: error [NaN] detected in operand 3 of instruction DFMA R10, R16, R10, R18 ; in function void geqr2_smem_domino_fast of type f64
#nixnan: error [NaN] detected in operand 2 of instruction DMUL R24, R26, R10 ; in function void geqr2_smem_domino_fast of type f64
#nixnan: error [NaN] detected in operand 0 of instruction DMUL R24, R26, R10 ; in function void geqr2_smem_domino_fast of type f64
#nixnan: error [NaN] detected in operand 1 of instruction DFMA R20, R24, -R24, R26 ; in function void geqr2_smem_domino_fast of type f64
#nixnan: error [NaN] detected in operand 0 of instruction DFMA R20, R24, -R24, R26 ; in function void geqr2_smem_domino_fast of type f64
#nixnan: error [NaN] detected in operand 0 of instruction DFMA R8, R20, R16, R24 ; in function void geqr2_smem_domino_fast of type f64
#nixnan: error [NaN] detected in operand 3 of instruction DFMA R8, R20, R16, R24 ; in function void geqr2_smem_domino_fast of type f64
#nixnan: error [NaN] detected in operand 1 of instruction DFMA R8, R20, R16, R24 ; in function void geqr2_smem_domino_fast of type f64
#nixnan: error [NaN] detected in operand 2 of instruction DFMA R20, R24, -R24, R26 ; in function void geqr2_smem_domino_fast of type f64
#nixnan: running kernel [void orgqr_step1_kernel] ...
#nixnan: running kernel [void cutlass::Kernel2] ...
#nixnan: running kernel [void larft_T_64_batch] ...
#nixnan: running kernel [void batch_eye_kernel] ...
#nixnan: running kernel [void lacpy_kernel] ...
#nixnan: running kernel [k_colscale] ...
#nixnan: running kernel [k_d2s] ...
#nixnan: running kernel [k_s2d] ...
#nixnan: running kernel [void gemv2N_kernel] ...
#nixnan: running kernel [xxtrf4_set_info_ker] ...
#nixnan: running kernel [void kernel] ...
#nixnan: running kernel [dtrsv_init] ...
#nixnan: running kernel [void trsv_ln_exec] ...
#nixnan: running kernel [dtrsv_init_up] ...
#nixnan: running kernel [void trsv_lt_exec] ...
#nixnan: running kernel [void iamax_kernel] ...
#nixnan: running kernel [void scal_kernel_val] ...
#nixnan: running kernel [k_scan_nonfinite] ...
#nixnan: running kernel [void axpy_kernel_val] ...
iter=0 dt_ms=4358.251 err=1.382e-05 exc=0
RESULT config=TF32 n=256 kappa=1.00e+03 seed=0 status=converged niter=1 t_fact_ms=673.51 t_loop_ms=4359.50 t_per_iter_ms=4359.501 first_exc_iter=-1 first_exc_ms=-1.000
TOTAL config=TF32 t_total_ms=5033.01 (= t_fact + t_loop)
#nixnan: Finalizing GPU context...

#nixnan: ------------ nixnan Report -----------

#nixnan: --- FP16 Operations ---
#nixnan: NaN:                    0 (0 repeats)
#nixnan: Infinity:               0 (0 repeats)
#nixnan: -Infinity:              0 (0 repeats)
#nixnan: Subnormal:              0 (0 repeats)
#nixnan: Division by 0:          0 (0 repeats)

#nixnan: --- BF16 Operations ---
#nixnan: NaN:                    0 (0 repeats)
#nixnan: Infinity:               0 (0 repeats)
#nixnan: -Infinity:              0 (0 repeats)
#nixnan: Subnormal:              0 (0 repeats)
#nixnan: Division by 0:          0 (0 repeats)

#nixnan: --- FP32 Operations ---
#nixnan: NaN:                    0 (0 repeats)
#nixnan: Infinity:               0 (0 repeats)
#nixnan: -Infinity:              0 (0 repeats)
#nixnan: Subnormal:              0 (0 repeats)
#nixnan: Division by 0:          0 (0 repeats)

#nixnan: --- FP64 Operations ---
#nixnan: NaN:                   22 (154 repeats)
#nixnan: Infinity:               1 (7 repeats)
#nixnan: -Infinity:              0 (0 repeats)
#nixnan: Subnormal:              0 (0 repeats)
#nixnan: Division by 0:          1 (8 repeats)

#nixnan: --- FP16 Memory  Operations ---
#nixnan: NaN:                    0 (0 repeats)
#nixnan: --- BF16 Memory  Operations ---
#nixnan: NaN:                    0 (0 repeats)
#nixnan: --- FP32 Memory  Operations ---
#nixnan: NaN:                    0 (0 repeats)
#nixnan: --- FP64 Memory  Operations ---
#nixnan: NaN:                    0 (0 repeats)
    ✓ EXCEPTION FOUND in TF32 at κ=1000
  F16 → phase8_logs/phase8_κ1000_F16.log
------------- NVBit (NVidia Binary Instrumentation Tool v1.8) Loaded --------------
NVBit core environment variables (mostly for nvbit-devs):
ACK_CTX_INIT_LIMITATION = 0 - if set, no warning will be printed for nvbit_at_ctx_init()
            NVDISASM = nvdisasm - override default nvdisasm found in PATH
            NOBANNER = 0 - if set, does not print this banner
       NO_EAGER_LOAD = 1 - lazy module loading is now turned on by default. If you see deadlocks in your tool, set NO_EAGER_LOAD to 0
---------------------------------------------------------------------------------
         INSTR_BEGIN = 0 - Beginning of the instruction interval where to apply instrumentation
           INSTR_END = 4294967295 - End of the instruction interval where to apply instrumentation
        TOOL_VERBOSE = 0 - Enable verbosity inside the tool
   ENABLE_FUN_DETAIL = 0 - Enable detailed function information for kernel
     PRINT_ILL_INSTR = 0 - Print the instruction which caused the exception
            SAMPLING = 0 - Instrument a repeat kernel every SAMPLING times
           INSTR_MEM = 0 - Instrument memory instructions for NaN/Inf detection
           HISTOGRAM = 0 - Enable FP exponent histogramming
       BIN_SPEC_FILE =  - Specification for which exponent ranges to report. If the file does not exist, a template specification will be created.
For example:
{
    "count": 128,
    "doublings": 0,
    "bf16": [],
    "f16": [[0,5],[-4,-1]],
    "f32": [],
    "f64": []
}
will report every 128 occurrences of exponents in the ranges 0 to 5 and -4 to -1 for f16 numbers.

If `doublings=-N`, where `N` is positive, then each bucket will begin with a
size of `count`. When a bucket reaches the count threshold, it will double the
threshold and report. This doubling will continue until one bucket has been
doubled N times, then all buckets are reset to `count`.
             LOGFILE =  - Path to the optional log file. Default is to print to stderr. This is useful for the case when an instrumented program is capturing stderr.
           LINE_INFO = 1 - Disable debug information for source code locations. Having this enabled may cause crashes, so set this to 0 if you encounter issues.
#nixnan: ----------------------------------------------------------------------------------
WARNING: Do not call CUDA memory allocation in nvbit_at_ctx_init(). It will cause deadlocks. Do them in nvbit_tool_init(). If you encounter deadlocks, remove CUDA API calls to debug.
#nixnan: Initializing GPU context...
#nixnan: Could not open kernel_whitelist.txt!
#nixnan: Could not open kernel_blacklist.txt!
#nixnan: Instrumenting all kernels
#nixnan: running kernel [generate_seed_pseudo] ...
#nixnan: #nixnan: warning: Infinite immediate found in operand 3 of @P1 DFMA R44, R50, R44, +INF  ;
#nixnan: #nixnan: warning: Infinite immediate found in operand 3 of @P1 DFMA R44, R56, R44, +INF  ;
#nixnan: running kernel [void gen_sequenced_Philox] ...
#nixnan: running kernel [copy_info_kernel] ...
#nixnan: running kernel [void geqr2_smem_domino_fast] ...
#nixnan: error [div0] detected in operand 1 of instruction MUFU.RSQ64H R19, R27 ; in function void geqr2_smem_domino_fast of type f64
#nixnan: error [infinity] detected in operand 0 of instruction MUFU.RSQ64H R19, R27 ; in function void geqr2_smem_domino_fast of type f64
#nixnan: error [NaN] detected in operand 0 of instruction DMUL R10, R18, R18 ; in function void geqr2_smem_domino_fast of type f64
#nixnan: error [NaN] detected in operand 1 of instruction DMUL R10, R18, R18 ; in function void geqr2_smem_domino_fast of type f64
#nixnan: error [NaN] detected in operand 1 of instruction DFMA R16, R10, R16, 0.5 ; in function void geqr2_smem_domino_fast of type f64
#nixnan: error [NaN] detected in operand 0 of instruction DFMA R10, R26, -R10, 1 ; in function void geqr2_smem_domino_fast of type f64
#nixnan: error [NaN] detected in operand 2 of instruction DFMA R10, R26, -R10, 1 ; in function void geqr2_smem_domino_fast of type f64
#nixnan: error [NaN] detected in operand 2 of instruction DMUL R10, R18, R18 ; in function void geqr2_smem_domino_fast of type f64
#nixnan: error [NaN] detected in operand 1 of instruction DMUL R10, R18, R10 ; in function void geqr2_smem_domino_fast of type f64
#nixnan: error [NaN] detected in operand 0 of instruction DFMA R16, R10, R16, 0.5 ; in function void geqr2_smem_domino_fast of type f64
#nixnan: error [NaN] detected in operand 0 of instruction DMUL R10, R18, R10 ; in function void geqr2_smem_domino_fast of type f64
#nixnan: error [NaN] detected in operand 1 of instruction DFMA R10, R16, R10, R18 ; in function void geqr2_smem_domino_fast of type f64
#nixnan: error [NaN] detected in operand 3 of instruction DFMA R10, R16, R10, R18 ; in function void geqr2_smem_domino_fast of type f64
#nixnan: error [NaN] detected in operand 2 of instruction DFMA R10, R16, R10, R18 ; in function void geqr2_smem_domino_fast of type f64
#nixnan: error [NaN] detected in operand 2 of instruction DMUL R10, R18, R10 ; in function void geqr2_smem_domino_fast of type f64
#nixnan: error [NaN] detected in operand 0 of instruction DFMA R10, R16, R10, R18 ; in function void geqr2_smem_domino_fast of type f64
#nixnan: error [NaN] detected in operand 2 of instruction DMUL R24, R26, R10 ; in function void geqr2_smem_domino_fast of type f64
#nixnan: error [NaN] detected in operand 0 of instruction DMUL R24, R26, R10 ; in function void geqr2_smem_domino_fast of type f64
#nixnan: error [NaN] detected in operand 1 of instruction DFMA R20, R24, -R24, R26 ; in function void geqr2_smem_domino_fast of type f64
#nixnan: error [NaN] detected in operand 2 of instruction DFMA R20, R24, -R24, R26 ; in function void geqr2_smem_domino_fast of type f64
#nixnan: error [NaN] detected in operand 1 of instruction DFMA R8, R20, R16, R24 ; in function void geqr2_smem_domino_fast of type f64
#nixnan: error [NaN] detected in operand 0 of instruction DFMA R20, R24, -R24, R26 ; in function void geqr2_smem_domino_fast of type f64
#nixnan: error [NaN] detected in operand 3 of instruction DFMA R8, R20, R16, R24 ; in function void geqr2_smem_domino_fast of type f64
#nixnan: error [NaN] detected in operand 0 of instruction DFMA R8, R20, R16, R24 ; in function void geqr2_smem_domino_fast of type f64
#nixnan: running kernel [void orgqr_step1_kernel] ...
#nixnan: running kernel [void cutlass::Kernel2] ...
#nixnan: running kernel [void larft_T_64_batch] ...
#nixnan: running kernel [void batch_eye_kernel] ...
#nixnan: running kernel [void lacpy_kernel] ...
#nixnan: running kernel [k_colscale] ...
#nixnan: running kernel [k_d2s] ...
#nixnan: running kernel [k_s2d] ...
#nixnan: running kernel [void gemv2N_kernel] ...
#nixnan: running kernel [xxtrf4_set_info_ker] ...
#nixnan: running kernel [void kernel] ...
#nixnan: running kernel [dtrsv_init] ...
#nixnan: running kernel [void trsv_ln_exec] ...
#nixnan: running kernel [dtrsv_init_up] ...
#nixnan: running kernel [void trsv_lt_exec] ...
#nixnan: running kernel [void iamax_kernel] ...
#nixnan: running kernel [k_round16_sub] ...
#nixnan: running kernel [void scal_kernel_val] ...
#nixnan: running kernel [k_round16_vec] ...
#nixnan: running kernel [k_scan_nonfinite] ...
#nixnan: running kernel [void axpy_kernel_val] ...
iter=0 dt_ms=4339.656 err=2.261e-02 exc=0
iter=1 dt_ms=102.661 err=4.090e-04 exc=0
iter=2 dt_ms=102.553 err=1.031e-05 exc=0
RESULT config=F16 n=256 kappa=1.00e+03 seed=0 status=converged niter=3 t_fact_ms=964.46 t_loop_ms=4546.07 t_per_iter_ms=1515.356 first_exc_iter=-1 first_exc_ms=-1.000
TOTAL config=F16 t_total_ms=5510.53 (= t_fact + t_loop)
#nixnan: Finalizing GPU context...

#nixnan: ------------ nixnan Report -----------

#nixnan: --- FP16 Operations ---
#nixnan: NaN:                    0 (0 repeats)
#nixnan: Infinity:               0 (0 repeats)
#nixnan: -Infinity:              0 (0 repeats)
#nixnan: Subnormal:              0 (0 repeats)
#nixnan: Division by 0:          0 (0 repeats)

#nixnan: --- BF16 Operations ---
#nixnan: NaN:                    0 (0 repeats)
#nixnan: Infinity:               0 (0 repeats)
#nixnan: -Infinity:              0 (0 repeats)
#nixnan: Subnormal:              0 (0 repeats)
#nixnan: Division by 0:          0 (0 repeats)

#nixnan: --- FP32 Operations ---
#nixnan: NaN:                    0 (0 repeats)
#nixnan: Infinity:               0 (0 repeats)
#nixnan: -Infinity:              0 (0 repeats)
#nixnan: Subnormal:              0 (0 repeats)
#nixnan: Division by 0:          0 (0 repeats)

#nixnan: --- FP64 Operations ---
#nixnan: NaN:                   22 (154 repeats)
#nixnan: Infinity:               1 (7 repeats)
#nixnan: -Infinity:              0 (0 repeats)
#nixnan: Subnormal:              0 (0 repeats)
#nixnan: Division by 0:          1 (8 repeats)

#nixnan: --- FP16 Memory  Operations ---
#nixnan: NaN:                    0 (0 repeats)
#nixnan: --- BF16 Memory  Operations ---
#nixnan: NaN:                    0 (0 repeats)
#nixnan: --- FP32 Memory  Operations ---
#nixnan: NaN:                    0 (0 repeats)
#nixnan: --- FP64 Memory  Operations ---
#nixnan: NaN:                    0 (0 repeats)
    ✓ EXCEPTION FOUND in F16 at κ=1000
  B16T → phase8_logs/phase8_κ1000_B16T.log
------------- NVBit (NVidia Binary Instrumentation Tool v1.8) Loaded --------------
NVBit core environment variables (mostly for nvbit-devs):
ACK_CTX_INIT_LIMITATION = 0 - if set, no warning will be printed for nvbit_at_ctx_init()
            NVDISASM = nvdisasm - override default nvdisasm found in PATH
            NOBANNER = 0 - if set, does not print this banner
       NO_EAGER_LOAD = 1 - lazy module loading is now turned on by default. If you see deadlocks in your tool, set NO_EAGER_LOAD to 0
---------------------------------------------------------------------------------
         INSTR_BEGIN = 0 - Beginning of the instruction interval where to apply instrumentation
           INSTR_END = 4294967295 - End of the instruction interval where to apply instrumentation
        TOOL_VERBOSE = 0 - Enable verbosity inside the tool
   ENABLE_FUN_DETAIL = 0 - Enable detailed function information for kernel
     PRINT_ILL_INSTR = 0 - Print the instruction which caused the exception
            SAMPLING = 0 - Instrument a repeat kernel every SAMPLING times
           INSTR_MEM = 0 - Instrument memory instructions for NaN/Inf detection
           HISTOGRAM = 0 - Enable FP exponent histogramming
       BIN_SPEC_FILE =  - Specification for which exponent ranges to report. If the file does not exist, a template specification will be created.
For example:
{
    "count": 128,
    "doublings": 0,
    "bf16": [],
    "f16": [[0,5],[-4,-1]],
    "f32": [],
    "f64": []
}
will report every 128 occurrences of exponents in the ranges 0 to 5 and -4 to -1 for f16 numbers.

If `doublings=-N`, where `N` is positive, then each bucket will begin with a
size of `count`. When a bucket reaches the count threshold, it will double the
threshold and report. This doubling will continue until one bucket has been
doubled N times, then all buckets are reset to `count`.
             LOGFILE =  - Path to the optional log file. Default is to print to stderr. This is useful for the case when an instrumented program is capturing stderr.
           LINE_INFO = 1 - Disable debug information for source code locations. Having this enabled may cause crashes, so set this to 0 if you encounter issues.
#nixnan: ----------------------------------------------------------------------------------
WARNING: Do not call CUDA memory allocation in nvbit_at_ctx_init(). It will cause deadlocks. Do them in nvbit_tool_init(). If you encounter deadlocks, remove CUDA API calls to debug.
#nixnan: Initializing GPU context...
#nixnan: Could not open kernel_whitelist.txt!
#nixnan: Could not open kernel_blacklist.txt!
#nixnan: Instrumenting all kernels
#nixnan: running kernel [generate_seed_pseudo] ...
#nixnan: #nixnan: warning: Infinite immediate found in operand 3 of @P1 DFMA R44, R50, R44, +INF  ;
#nixnan: #nixnan: warning: Infinite immediate found in operand 3 of @P1 DFMA R44, R56, R44, +INF  ;
#nixnan: running kernel [void gen_sequenced_Philox] ...
#nixnan: running kernel [copy_info_kernel] ...
#nixnan: running kernel [void geqr2_smem_domino_fast] ...
#nixnan: error [div0] detected in operand 1 of instruction MUFU.RSQ64H R19, R27 ; in function void geqr2_smem_domino_fast of type f64
#nixnan: error [NaN] detected in operand 2 of instruction DMUL R10, R18, R18 ; in function void geqr2_smem_domino_fast of type f64
#nixnan: error [NaN] detected in operand 0 of instruction DFMA R16, R10, R16, 0.5 ; in function void geqr2_smem_domino_fast of type f64
#nixnan: error [NaN] detected in operand 0 of instruction DFMA R10, R26, -R10, 1 ; in function void geqr2_smem_domino_fast of type f64
#nixnan: error [NaN] detected in operand 1 of instruction DMUL R10, R18, R18 ; in function void geqr2_smem_domino_fast of type f64
#nixnan: error [NaN] detected in operand 2 of instruction DFMA R10, R26, -R10, 1 ; in function void geqr2_smem_domino_fast of type f64
#nixnan: error [infinity] detected in operand 0 of instruction MUFU.RSQ64H R19, R27 ; in function void geqr2_smem_domino_fast of type f64
#nixnan: error [NaN] detected in operand 2 of instruction DMUL R10, R18, R10 ; in function void geqr2_smem_domino_fast of type f64
#nixnan: error [NaN] detected in operand 1 of instruction DFMA R16, R10, R16, 0.5 ; in function void geqr2_smem_domino_fast of type f64
#nixnan: error [NaN] detected in operand 0 of instruction DMUL R10, R18, R18 ; in function void geqr2_smem_domino_fast of type f64
#nixnan: error [NaN] detected in operand 1 of instruction DMUL R10, R18, R10 ; in function void geqr2_smem_domino_fast of type f64
#nixnan: error [NaN] detected in operand 1 of instruction DFMA R10, R16, R10, R18 ; in function void geqr2_smem_domino_fast of type f64
#nixnan: error [NaN] detected in operand 3 of instruction DFMA R10, R16, R10, R18 ; in function void geqr2_smem_domino_fast of type f64
#nixnan: error [NaN] detected in operand 0 of instruction DFMA R10, R16, R10, R18 ; in function void geqr2_smem_domino_fast of type f64
#nixnan: error [NaN] detected in operand 2 of instruction DFMA R10, R16, R10, R18 ; in function void geqr2_smem_domino_fast of type f64
#nixnan: error [NaN] detected in operand 0 of instruction DMUL R24, R26, R10 ; in function void geqr2_smem_domino_fast of type f64
#nixnan: error [NaN] detected in operand 2 of instruction DMUL R24, R26, R10 ; in function void geqr2_smem_domino_fast of type f64
#nixnan: error [NaN] detected in operand 1 of instruction DFMA R20, R24, -R24, R26 ; in function void geqr2_smem_domino_fast of type f64
#nixnan: error [NaN] detected in operand 0 of instruction DMUL R10, R18, R10 ; in function void geqr2_smem_domino_fast of type f64
#nixnan: error [NaN] detected in operand 0 of instruction DFMA R20, R24, -R24, R26 ; in function void geqr2_smem_domino_fast of type f64
#nixnan: error [NaN] detected in operand 3 of instruction DFMA R8, R20, R16, R24 ; in function void geqr2_smem_domino_fast of type f64
#nixnan: error [NaN] detected in operand 1 of instruction DFMA R8, R20, R16, R24 ; in function void geqr2_smem_domino_fast of type f64
#nixnan: error [NaN] detected in operand 2 of instruction DFMA R20, R24, -R24, R26 ; in function void geqr2_smem_domino_fast of type f64
#nixnan: error [NaN] detected in operand 0 of instruction DFMA R8, R20, R16, R24 ; in function void geqr2_smem_domino_fast of type f64
#nixnan: running kernel [void orgqr_step1_kernel] ...
#nixnan: running kernel [void cutlass::Kernel2] ...
#nixnan: running kernel [void larft_T_64_batch] ...
#nixnan: running kernel [void batch_eye_kernel] ...
#nixnan: running kernel [void lacpy_kernel] ...
#nixnan: running kernel [k_colscale] ...
#nixnan: running kernel [k_d2s] ...
#nixnan: running kernel [k_s2d] ...
#nixnan: running kernel [void gemv2N_kernel] ...
#nixnan: running kernel [xxtrf4_set_info_ker] ...
#nixnan: running kernel [void kernel] ...
#nixnan: running kernel [dtrsv_init] ...
#nixnan: running kernel [void trsv_ln_exec] ...
#nixnan: running kernel [dtrsv_init_up] ...
#nixnan: running kernel [void trsv_lt_exec] ...
#nixnan: running kernel [void iamax_kernel] ...
#nixnan: running kernel [k_round16_sub] ...
#nixnan: running kernel [void scal_kernel_val] ...
#nixnan: running kernel [k_round16_vec] ...
#nixnan: running kernel [k_scan_nonfinite] ...
#nixnan: running kernel [void axpy_kernel_val] ...
iter=0 dt_ms=4374.832 err=2.155e-01 exc=0
iter=1 dt_ms=108.388 err=3.340e-02 exc=0
iter=2 dt_ms=108.482 err=8.427e-03 exc=0
iter=3 dt_ms=108.293 err=2.413e-03 exc=0
iter=4 dt_ms=108.218 err=7.747e-04 exc=0
iter=5 dt_ms=106.590 err=2.546e-04 exc=0
iter=6 dt_ms=90.203 err=8.154e-05 exc=0
iter=7 dt_ms=90.478 err=2.650e-05 exc=0
iter=8 dt_ms=90.726 err=8.568e-06 exc=0
iter=9 dt_ms=90.111 err=2.938e-06 exc=0
RESULT config=B16T n=256 kappa=1.00e+03 seed=0 status=converged niter=10 t_fact_ms=965.52 t_loop_ms=5277.53 t_per_iter_ms=527.753 first_exc_iter=-1 first_exc_ms=-1.000
TOTAL config=B16T t_total_ms=6243.05 (= t_fact + t_loop)
#nixnan: Finalizing GPU context...

#nixnan: ------------ nixnan Report -----------

#nixnan: --- FP16 Operations ---
#nixnan: NaN:                    0 (0 repeats)
#nixnan: Infinity:               0 (0 repeats)
#nixnan: -Infinity:              0 (0 repeats)
#nixnan: Subnormal:              0 (0 repeats)
#nixnan: Division by 0:          0 (0 repeats)

#nixnan: --- BF16 Operations ---
#nixnan: NaN:                    0 (0 repeats)
#nixnan: Infinity:               0 (0 repeats)
#nixnan: -Infinity:              0 (0 repeats)
#nixnan: Subnormal:              0 (0 repeats)
#nixnan: Division by 0:          0 (0 repeats)

#nixnan: --- FP32 Operations ---
#nixnan: NaN:                    0 (0 repeats)
#nixnan: Infinity:               0 (0 repeats)
#nixnan: -Infinity:              0 (0 repeats)
#nixnan: Subnormal:              0 (0 repeats)
#nixnan: Division by 0:          0 (0 repeats)

#nixnan: --- FP64 Operations ---
#nixnan: NaN:                   22 (154 repeats)
#nixnan: Infinity:               1 (7 repeats)
#nixnan: -Infinity:              0 (0 repeats)
#nixnan: Subnormal:              0 (0 repeats)
#nixnan: Division by 0:          1 (8 repeats)

#nixnan: --- FP16 Memory  Operations ---
#nixnan: NaN:                    0 (0 repeats)
#nixnan: --- BF16 Memory  Operations ---
#nixnan: NaN:                    0 (0 repeats)
#nixnan: --- FP32 Memory  Operations ---
#nixnan: NaN:                    0 (0 repeats)
#nixnan: --- FP64 Memory  Operations ---
#nixnan: NaN:                    0 (0 repeats)
    ✓ EXCEPTION FOUND in B16T at κ=1000
  B16S → phase8_logs/phase8_κ1000_B16S.log
------------- NVBit (NVidia Binary Instrumentation Tool v1.8) Loaded --------------
NVBit core environment variables (mostly for nvbit-devs):
ACK_CTX_INIT_LIMITATION = 0 - if set, no warning will be printed for nvbit_at_ctx_init()
            NVDISASM = nvdisasm - override default nvdisasm found in PATH
            NOBANNER = 0 - if set, does not print this banner
       NO_EAGER_LOAD = 1 - lazy module loading is now turned on by default. If you see deadlocks in your tool, set NO_EAGER_LOAD to 0
---------------------------------------------------------------------------------
         INSTR_BEGIN = 0 - Beginning of the instruction interval where to apply instrumentation
           INSTR_END = 4294967295 - End of the instruction interval where to apply instrumentation
        TOOL_VERBOSE = 0 - Enable verbosity inside the tool
   ENABLE_FUN_DETAIL = 0 - Enable detailed function information for kernel
     PRINT_ILL_INSTR = 0 - Print the instruction which caused the exception
            SAMPLING = 0 - Instrument a repeat kernel every SAMPLING times
           INSTR_MEM = 0 - Instrument memory instructions for NaN/Inf detection
           HISTOGRAM = 0 - Enable FP exponent histogramming
       BIN_SPEC_FILE =  - Specification for which exponent ranges to report. If the file does not exist, a template specification will be created.
For example:
{
    "count": 128,
    "doublings": 0,
    "bf16": [],
    "f16": [[0,5],[-4,-1]],
    "f32": [],
    "f64": []
}
will report every 128 occurrences of exponents in the ranges 0 to 5 and -4 to -1 for f16 numbers.

If `doublings=-N`, where `N` is positive, then each bucket will begin with a
size of `count`. When a bucket reaches the count threshold, it will double the
threshold and report. This doubling will continue until one bucket has been
doubled N times, then all buckets are reset to `count`.
             LOGFILE =  - Path to the optional log file. Default is to print to stderr. This is useful for the case when an instrumented program is capturing stderr.
           LINE_INFO = 1 - Disable debug information for source code locations. Having this enabled may cause crashes, so set this to 0 if you encounter issues.
#nixnan: ----------------------------------------------------------------------------------
WARNING: Do not call CUDA memory allocation in nvbit_at_ctx_init(). It will cause deadlocks. Do them in nvbit_tool_init(). If you encounter deadlocks, remove CUDA API calls to debug.
#nixnan: Initializing GPU context...
#nixnan: Could not open kernel_whitelist.txt!
#nixnan: Could not open kernel_blacklist.txt!
#nixnan: Instrumenting all kernels
#nixnan: running kernel [generate_seed_pseudo] ...
#nixnan: #nixnan: warning: Infinite immediate found in operand 3 of @P1 DFMA R44, R50, R44, +INF  ;
#nixnan: #nixnan: warning: Infinite immediate found in operand 3 of @P1 DFMA R44, R56, R44, +INF  ;
#nixnan: running kernel [void gen_sequenced_Philox] ...
#nixnan: running kernel [copy_info_kernel] ...
#nixnan: running kernel [void geqr2_smem_domino_fast] ...
#nixnan: error [div0] detected in operand 1 of instruction MUFU.RSQ64H R19, R27 ; in function void geqr2_smem_domino_fast of type f64
#nixnan: error [NaN] detected in operand 0 of instruction DMUL R10, R18, R18 ; in function void geqr2_smem_domino_fast of type f64
#nixnan: error [NaN] detected in operand 1 of instruction DFMA R16, R10, R16, 0.5 ; in function void geqr2_smem_domino_fast of type f64
#nixnan: error [infinity] detected in operand 0 of instruction MUFU.RSQ64H R19, R27 ; in function void geqr2_smem_domino_fast of type f64
#nixnan: error [NaN] detected in operand 0 of instruction DFMA R16, R10, R16, 0.5 ; in function void geqr2_smem_domino_fast of type f64
#nixnan: error [NaN] detected in operand 2 of instruction DFMA R10, R26, -R10, 1 ; in function void geqr2_smem_domino_fast of type f64
#nixnan: error [NaN] detected in operand 0 of instruction DFMA R10, R26, -R10, 1 ; in function void geqr2_smem_domino_fast of type f64
#nixnan: error [NaN] detected in operand 1 of instruction DMUL R10, R18, R18 ; in function void geqr2_smem_domino_fast of type f64
#nixnan: error [NaN] detected in operand 2 of instruction DMUL R10, R18, R18 ; in function void geqr2_smem_domino_fast of type f64
#nixnan: error [NaN] detected in operand 2 of instruction DMUL R10, R18, R10 ; in function void geqr2_smem_domino_fast of type f64
#nixnan: error [NaN] detected in operand 0 of instruction DMUL R10, R18, R10 ; in function void geqr2_smem_domino_fast of type f64
#nixnan: error [NaN] detected in operand 1 of instruction DFMA R10, R16, R10, R18 ; in function void geqr2_smem_domino_fast of type f64
#nixnan: error [NaN] detected in operand 3 of instruction DFMA R10, R16, R10, R18 ; in function void geqr2_smem_domino_fast of type f64
#nixnan: error [NaN] detected in operand 1 of instruction DMUL R10, R18, R10 ; in function void geqr2_smem_domino_fast of type f64
#nixnan: error [NaN] detected in operand 2 of instruction DFMA R10, R16, R10, R18 ; in function void geqr2_smem_domino_fast of type f64
#nixnan: error [NaN] detected in operand 2 of instruction DMUL R24, R26, R10 ; in function void geqr2_smem_domino_fast of type f64
#nixnan: error [NaN] detected in operand 0 of instruction DFMA R10, R16, R10, R18 ; in function void geqr2_smem_domino_fast of type f64
#nixnan: error [NaN] detected in operand 1 of instruction DFMA R20, R24, -R24, R26 ; in function void geqr2_smem_domino_fast of type f64
#nixnan: error [NaN] detected in operand 0 of instruction DMUL R24, R26, R10 ; in function void geqr2_smem_domino_fast of type f64
#nixnan: error [NaN] detected in operand 1 of instruction DFMA R8, R20, R16, R24 ; in function void geqr2_smem_domino_fast of type f64
#nixnan: error [NaN] detected in operand 3 of instruction DFMA R8, R20, R16, R24 ; in function void geqr2_smem_domino_fast of type f64
#nixnan: error [NaN] detected in operand 2 of instruction DFMA R20, R24, -R24, R26 ; in function void geqr2_smem_domino_fast of type f64
#nixnan: error [NaN] detected in operand 0 of instruction DFMA R20, R24, -R24, R26 ; in function void geqr2_smem_domino_fast of type f64
#nixnan: error [NaN] detected in operand 0 of instruction DFMA R8, R20, R16, R24 ; in function void geqr2_smem_domino_fast of type f64
#nixnan: running kernel [void orgqr_step1_kernel] ...
#nixnan: running kernel [void cutlass::Kernel2] ...
#nixnan: running kernel [void larft_T_64_batch] ...
#nixnan: running kernel [void batch_eye_kernel] ...
#nixnan: running kernel [void lacpy_kernel] ...
#nixnan: running kernel [k_colscale] ...
#nixnan: running kernel [k_d2s] ...
#nixnan: running kernel [k_s2d] ...
#nixnan: running kernel [void gemv2N_kernel] ...
#nixnan: running kernel [xxtrf4_set_info_ker] ...
#nixnan: running kernel [void kernel] ...
#nixnan: running kernel [dtrsv_init] ...
#nixnan: running kernel [void trsv_ln_exec] ...
#nixnan: running kernel [dtrsv_init_up] ...
#nixnan: running kernel [void trsv_lt_exec] ...
#nixnan: running kernel [void iamax_kernel] ...
#nixnan: running kernel [k_s2bf] ...
#nixnan: running kernel [k_bfpanel2s] ...
#nixnan: running kernel [k_spanel2bf] ...
#nixnan: running kernel [void scal_kernel_val] ...
#nixnan: warning: NaN immediate found in operand 1 of MUFU.RSQ R12, -QNAN  ;
#nixnan: running kernel [k_bf_trsv] ...
#nixnan: running kernel [k_bf2s] ...
#nixnan: running kernel [k_scan_nonfinite] ...
#nixnan: running kernel [void axpy_kernel_val] ...
iter=0 dt_ms=4432.598 err=7.158e-01 exc=0
iter=1 dt_ms=136.075 err=1.172e-01 exc=0
iter=2 dt_ms=135.923 err=3.405e-02 exc=0
iter=3 dt_ms=136.129 err=1.177e-02 exc=0
iter=4 dt_ms=123.160 err=3.889e-03 exc=0
iter=5 dt_ms=119.457 err=1.437e-03 exc=0
iter=6 dt_ms=119.470 err=4.118e-04 exc=0
iter=7 dt_ms=118.348 err=1.567e-04 exc=0
iter=8 dt_ms=119.335 err=4.631e-05 exc=0
iter=9 dt_ms=118.503 err=1.695e-05 exc=0
iter=10 dt_ms=118.644 err=5.121e-06 exc=0
iter=11 dt_ms=118.916 err=1.673e-06 exc=0
RESULT config=B16S n=256 kappa=1.00e+03 seed=0 status=converged niter=12 t_fact_ms=1473.80 t_loop_ms=5797.60 t_per_iter_ms=483.133 first_exc_iter=-1 first_exc_ms=-1.000
TOTAL config=B16S t_total_ms=7271.40 (= t_fact + t_loop)
#nixnan: Finalizing GPU context...

#nixnan: ------------ nixnan Report -----------

#nixnan: --- FP16 Operations ---
#nixnan: NaN:                    0 (0 repeats)
#nixnan: Infinity:               0 (0 repeats)
#nixnan: -Infinity:              0 (0 repeats)
#nixnan: Subnormal:              0 (0 repeats)
#nixnan: Division by 0:          0 (0 repeats)

#nixnan: --- BF16 Operations ---
#nixnan: NaN:                    0 (0 repeats)
#nixnan: Infinity:               0 (0 repeats)
#nixnan: -Infinity:              0 (0 repeats)
#nixnan: Subnormal:              0 (0 repeats)
#nixnan: Division by 0:          0 (0 repeats)

#nixnan: --- FP32 Operations ---
#nixnan: NaN:                    0 (0 repeats)
#nixnan: Infinity:               0 (0 repeats)
#nixnan: -Infinity:              0 (0 repeats)
#nixnan: Subnormal:              0 (0 repeats)
#nixnan: Division by 0:          0 (0 repeats)

#nixnan: --- FP64 Operations ---
#nixnan: NaN:                   22 (154 repeats)
#nixnan: Infinity:               1 (7 repeats)
#nixnan: -Infinity:              0 (0 repeats)
#nixnan: Subnormal:              0 (0 repeats)
#nixnan: Division by 0:          1 (8 repeats)

#nixnan: --- FP16 Memory  Operations ---
#nixnan: NaN:                    0 (0 repeats)
#nixnan: --- BF16 Memory  Operations ---
#nixnan: NaN:                    0 (0 repeats)
#nixnan: --- FP32 Memory  Operations ---
#nixnan: NaN:                    0 (0 repeats)
#nixnan: --- FP64 Memory  Operations ---
#nixnan: NaN:                    0 (0 repeats)
    ✓ EXCEPTION FOUND in B16S at κ=1000

Testing κ=2000...
  F64 → phase8_logs/phase8_κ2000_F64.log
------------- NVBit (NVidia Binary Instrumentation Tool v1.8) Loaded --------------
NVBit core environment variables (mostly for nvbit-devs):
ACK_CTX_INIT_LIMITATION = 0 - if set, no warning will be printed for nvbit_at_ctx_init()
            NVDISASM = nvdisasm - override default nvdisasm found in PATH
            NOBANNER = 0 - if set, does not print this banner
       NO_EAGER_LOAD = 1 - lazy module loading is now turned on by default. If you see deadlocks in your tool, set NO_EAGER_LOAD to 0
---------------------------------------------------------------------------------
         INSTR_BEGIN = 0 - Beginning of the instruction interval where to apply instrumentation
           INSTR_END = 4294967295 - End of the instruction interval where to apply instrumentation
        TOOL_VERBOSE = 0 - Enable verbosity inside the tool
   ENABLE_FUN_DETAIL = 0 - Enable detailed function information for kernel
     PRINT_ILL_INSTR = 0 - Print the instruction which caused the exception
            SAMPLING = 0 - Instrument a repeat kernel every SAMPLING times
           INSTR_MEM = 0 - Instrument memory instructions for NaN/Inf detection
           HISTOGRAM = 0 - Enable FP exponent histogramming
       BIN_SPEC_FILE =  - Specification for which exponent ranges to report. If the file does not exist, a template specification will be created.
For example:
{
    "count": 128,
    "doublings": 0,
    "bf16": [],
    "f16": [[0,5],[-4,-1]],
    "f32": [],
    "f64": []
}
will report every 128 occurrences of exponents in the ranges 0 to 5 and -4 to -1 for f16 numbers.

If `doublings=-N`, where `N` is positive, then each bucket will begin with a
size of `count`. When a bucket reaches the count threshold, it will double the
threshold and report. This doubling will continue until one bucket has been
doubled N times, then all buckets are reset to `count`.
             LOGFILE =  - Path to the optional log file. Default is to print to stderr. This is useful for the case when an instrumented program is capturing stderr.
           LINE_INFO = 1 - Disable debug information for source code locations. Having this enabled may cause crashes, so set this to 0 if you encounter issues.
#nixnan: ----------------------------------------------------------------------------------
WARNING: Do not call CUDA memory allocation in nvbit_at_ctx_init(). It will cause deadlocks. Do them in nvbit_tool_init(). If you encounter deadlocks, remove CUDA API calls to debug.
#nixnan: Initializing GPU context...
#nixnan: Could not open kernel_whitelist.txt!
#nixnan: Could not open kernel_blacklist.txt!
#nixnan: Instrumenting all kernels
#nixnan: running kernel [generate_seed_pseudo] ...
#nixnan: #nixnan: warning: Infinite immediate found in operand 3 of @P1 DFMA R44, R50, R44, +INF  ;
#nixnan: #nixnan: warning: Infinite immediate found in operand 3 of @P1 DFMA R44, R56, R44, +INF  ;
#nixnan: running kernel [void gen_sequenced_Philox] ...
#nixnan: running kernel [copy_info_kernel] ...
#nixnan: running kernel [void geqr2_smem_domino_fast] ...
#nixnan: error [div0] detected in operand 1 of instruction MUFU.RSQ64H R19, R27 ; in function void geqr2_smem_domino_fast of type f64
#nixnan: error [NaN] detected in operand 2 of instruction DMUL R10, R18, R18 ; in function void geqr2_smem_domino_fast of type f64
#nixnan: error [NaN] detected in operand 2 of instruction DFMA R10, R26, -R10, 1 ; in function void geqr2_smem_domino_fast of type f64
#nixnan: error [NaN] detected in operand 0 of instruction DMUL R10, R18, R18 ; in function void geqr2_smem_domino_fast of type f64
#nixnan: error [NaN] detected in operand 1 of instruction DFMA R16, R10, R16, 0.5 ; in function void geqr2_smem_domino_fast of type f64
#nixnan: error [NaN] detected in operand 0 of instruction DFMA R16, R10, R16, 0.5 ; in function void geqr2_smem_domino_fast of type f64
#nixnan: error [infinity] detected in operand 0 of instruction MUFU.RSQ64H R19, R27 ; in function void geqr2_smem_domino_fast of type f64
#nixnan: error [NaN] detected in operand 1 of instruction DMUL R10, R18, R10 ; in function void geqr2_smem_domino_fast of type f64
#nixnan: error [NaN] detected in operand 0 of instruction DFMA R10, R26, -R10, 1 ; in function void geqr2_smem_domino_fast of type f64
#nixnan: error [NaN] detected in operand 2 of instruction DMUL R10, R18, R10 ; in function void geqr2_smem_domino_fast of type f64
#nixnan: error [NaN] detected in operand 0 of instruction DMUL R10, R18, R10 ; in function void geqr2_smem_domino_fast of type f64
#nixnan: error [NaN] detected in operand 1 of instruction DFMA R10, R16, R10, R18 ; in function void geqr2_smem_domino_fast of type f64
#nixnan: error [NaN] detected in operand 2 of instruction DFMA R10, R16, R10, R18 ; in function void geqr2_smem_domino_fast of type f64
#nixnan: error [NaN] detected in operand 3 of instruction DFMA R10, R16, R10, R18 ; in function void geqr2_smem_domino_fast of type f64
#nixnan: error [NaN] detected in operand 1 of instruction DMUL R10, R18, R18 ; in function void geqr2_smem_domino_fast of type f64
#nixnan: error [NaN] detected in operand 0 of instruction DFMA R10, R16, R10, R18 ; in function void geqr2_smem_domino_fast of type f64
#nixnan: error [NaN] detected in operand 0 of instruction DMUL R24, R26, R10 ; in function void geqr2_smem_domino_fast of type f64
#nixnan: error [NaN] detected in operand 2 of instruction DMUL R24, R26, R10 ; in function void geqr2_smem_domino_fast of type f64
#nixnan: error [NaN] detected in operand 1 of instruction DFMA R20, R24, -R24, R26 ; in function void geqr2_smem_domino_fast of type f64
#nixnan: error [NaN] detected in operand 2 of instruction DFMA R20, R24, -R24, R26 ; in function void geqr2_smem_domino_fast of type f64
#nixnan: error [NaN] detected in operand 3 of instruction DFMA R8, R20, R16, R24 ; in function void geqr2_smem_domino_fast of type f64
#nixnan: error [NaN] detected in operand 0 of instruction DFMA R20, R24, -R24, R26 ; in function void geqr2_smem_domino_fast of type f64
#nixnan: error [NaN] detected in operand 1 of instruction DFMA R8, R20, R16, R24 ; in function void geqr2_smem_domino_fast of type f64
#nixnan: error [NaN] detected in operand 0 of instruction DFMA R8, R20, R16, R24 ; in function void geqr2_smem_domino_fast of type f64
#nixnan: running kernel [void orgqr_step1_kernel] ...
#nixnan: running kernel [void cutlass::Kernel2] ...
#nixnan: running kernel [void larft_T_64_batch] ...
#nixnan: running kernel [void batch_eye_kernel] ...
#nixnan: running kernel [void lacpy_kernel] ...
#nixnan: running kernel [k_colscale] ...
#nixnan: running kernel [k_d2s] ...
#nixnan: running kernel [k_s2d] ...
#nixnan: running kernel [void gemv2N_kernel] ...
#nixnan: running kernel [xxtrf4_set_info_ker] ...
#nixnan: running kernel [void kernel] ...
#nixnan: running kernel [dtrsv_init] ...
#nixnan: running kernel [void trsv_ln_exec] ...
#nixnan: running kernel [dtrsv_init_up] ...
#nixnan: running kernel [void trsv_lt_exec] ...
#nixnan: running kernel [void iamax_kernel] ...
#nixnan: running kernel [void scal_kernel_val] ...
#nixnan: running kernel [k_scan_nonfinite] ...
#nixnan: running kernel [void axpy_kernel_val] ...
iter=0 dt_ms=4356.122 err=2.729e-06 exc=0
RESULT config=F64 n=256 kappa=2.00e+03 seed=0 status=converged niter=1 t_fact_ms=192.03 t_loop_ms=4357.27 t_per_iter_ms=4357.266 first_exc_iter=-1 first_exc_ms=-1.000
TOTAL config=F64 t_total_ms=4549.29 (= t_fact + t_loop)
#nixnan: Finalizing GPU context...

#nixnan: ------------ nixnan Report -----------

#nixnan: --- FP16 Operations ---
#nixnan: NaN:                    0 (0 repeats)
#nixnan: Infinity:               0 (0 repeats)
#nixnan: -Infinity:              0 (0 repeats)
#nixnan: Subnormal:              0 (0 repeats)
#nixnan: Division by 0:          0 (0 repeats)

#nixnan: --- BF16 Operations ---
#nixnan: NaN:                    0 (0 repeats)
#nixnan: Infinity:               0 (0 repeats)
#nixnan: -Infinity:              0 (0 repeats)
#nixnan: Subnormal:              0 (0 repeats)
#nixnan: Division by 0:          0 (0 repeats)

#nixnan: --- FP32 Operations ---
#nixnan: NaN:                    0 (0 repeats)
#nixnan: Infinity:               0 (0 repeats)
#nixnan: -Infinity:              0 (0 repeats)
#nixnan: Subnormal:              0 (0 repeats)
#nixnan: Division by 0:          0 (0 repeats)

#nixnan: --- FP64 Operations ---
#nixnan: NaN:                   22 (154 repeats)
#nixnan: Infinity:               1 (7 repeats)
#nixnan: -Infinity:              0 (0 repeats)
#nixnan: Subnormal:              0 (0 repeats)
#nixnan: Division by 0:          1 (8 repeats)

#nixnan: --- FP16 Memory  Operations ---
#nixnan: NaN:                    0 (0 repeats)
#nixnan: --- BF16 Memory  Operations ---
#nixnan: NaN:                    0 (0 repeats)
#nixnan: --- FP32 Memory  Operations ---
#nixnan: NaN:                    0 (0 repeats)
#nixnan: --- FP64 Memory  Operations ---
#nixnan: NaN:                    0 (0 repeats)
    ✓ EXCEPTION FOUND in F64 at κ=2000
  F32 → phase8_logs/phase8_κ2000_F32.log
------------- NVBit (NVidia Binary Instrumentation Tool v1.8) Loaded --------------
NVBit core environment variables (mostly for nvbit-devs):
ACK_CTX_INIT_LIMITATION = 0 - if set, no warning will be printed for nvbit_at_ctx_init()
            NVDISASM = nvdisasm - override default nvdisasm found in PATH
            NOBANNER = 0 - if set, does not print this banner
       NO_EAGER_LOAD = 1 - lazy module loading is now turned on by default. If you see deadlocks in your tool, set NO_EAGER_LOAD to 0
---------------------------------------------------------------------------------
         INSTR_BEGIN = 0 - Beginning of the instruction interval where to apply instrumentation
           INSTR_END = 4294967295 - End of the instruction interval where to apply instrumentation
        TOOL_VERBOSE = 0 - Enable verbosity inside the tool
   ENABLE_FUN_DETAIL = 0 - Enable detailed function information for kernel
     PRINT_ILL_INSTR = 0 - Print the instruction which caused the exception
            SAMPLING = 0 - Instrument a repeat kernel every SAMPLING times
           INSTR_MEM = 0 - Instrument memory instructions for NaN/Inf detection
           HISTOGRAM = 0 - Enable FP exponent histogramming
       BIN_SPEC_FILE =  - Specification for which exponent ranges to report. If the file does not exist, a template specification will be created.
For example:
{
    "count": 128,
    "doublings": 0,
    "bf16": [],
    "f16": [[0,5],[-4,-1]],
    "f32": [],
    "f64": []
}
will report every 128 occurrences of exponents in the ranges 0 to 5 and -4 to -1 for f16 numbers.

If `doublings=-N`, where `N` is positive, then each bucket will begin with a
size of `count`. When a bucket reaches the count threshold, it will double the
threshold and report. This doubling will continue until one bucket has been
doubled N times, then all buckets are reset to `count`.
             LOGFILE =  - Path to the optional log file. Default is to print to stderr. This is useful for the case when an instrumented program is capturing stderr.
           LINE_INFO = 1 - Disable debug information for source code locations. Having this enabled may cause crashes, so set this to 0 if you encounter issues.
#nixnan: ----------------------------------------------------------------------------------
WARNING: Do not call CUDA memory allocation in nvbit_at_ctx_init(). It will cause deadlocks. Do them in nvbit_tool_init(). If you encounter deadlocks, remove CUDA API calls to debug.
#nixnan: Initializing GPU context...
#nixnan: Could not open kernel_whitelist.txt!
#nixnan: Could not open kernel_blacklist.txt!
#nixnan: Instrumenting all kernels
#nixnan: running kernel [generate_seed_pseudo] ...
#nixnan: #nixnan: warning: Infinite immediate found in operand 3 of @P1 DFMA R44, R50, R44, +INF  ;
#nixnan: #nixnan: warning: Infinite immediate found in operand 3 of @P1 DFMA R44, R56, R44, +INF  ;
#nixnan: running kernel [void gen_sequenced_Philox] ...
#nixnan: running kernel [copy_info_kernel] ...
#nixnan: running kernel [void geqr2_smem_domino_fast] ...
#nixnan: error [div0] detected in operand 1 of instruction MUFU.RSQ64H R19, R27 ; in function void geqr2_smem_domino_fast of type f64
#nixnan: error [NaN] detected in operand 1 of instruction DMUL R10, R18, R18 ; in function void geqr2_smem_domino_fast of type f64
#nixnan: error [NaN] detected in operand 1 of instruction DFMA R16, R10, R16, 0.5 ; in function void geqr2_smem_domino_fast of type f64
#nixnan: error [NaN] detected in operand 2 of instruction DFMA R10, R26, -R10, 1 ; in function void geqr2_smem_domino_fast of type f64
#nixnan: error [infinity] detected in operand 0 of instruction MUFU.RSQ64H R19, R27 ; in function void geqr2_smem_domino_fast of type f64
#nixnan: error [NaN] detected in operand 0 of instruction DMUL R10, R18, R18 ; in function void geqr2_smem_domino_fast of type f64
#nixnan: error [NaN] detected in operand 0 of instruction DFMA R10, R26, -R10, 1 ; in function void geqr2_smem_domino_fast of type f64
#nixnan: error [NaN] detected in operand 2 of instruction DMUL R10, R18, R18 ; in function void geqr2_smem_domino_fast of type f64
#nixnan: error [NaN] detected in operand 1 of instruction DMUL R10, R18, R10 ; in function void geqr2_smem_domino_fast of type f64
#nixnan: error [NaN] detected in operand 0 of instruction DFMA R16, R10, R16, 0.5 ; in function void geqr2_smem_domino_fast of type f64
#nixnan: error [NaN] detected in operand 2 of instruction DMUL R10, R18, R10 ; in function void geqr2_smem_domino_fast of type f64
#nixnan: error [NaN] detected in operand 0 of instruction DMUL R10, R18, R10 ; in function void geqr2_smem_domino_fast of type f64
#nixnan: error [NaN] detected in operand 2 of instruction DFMA R10, R16, R10, R18 ; in function void geqr2_smem_domino_fast of type f64
#nixnan: error [NaN] detected in operand 1 of instruction DFMA R10, R16, R10, R18 ; in function void geqr2_smem_domino_fast of type f64
#nixnan: error [NaN] detected in operand 3 of instruction DFMA R10, R16, R10, R18 ; in function void geqr2_smem_domino_fast of type f64
#nixnan: error [NaN] detected in operand 0 of instruction DFMA R10, R16, R10, R18 ; in function void geqr2_smem_domino_fast of type f64
#nixnan: error [NaN] detected in operand 0 of instruction DMUL R24, R26, R10 ; in function void geqr2_smem_domino_fast of type f64
#nixnan: error [NaN] detected in operand 2 of instruction DMUL R24, R26, R10 ; in function void geqr2_smem_domino_fast of type f64
#nixnan: error [NaN] detected in operand 0 of instruction DFMA R20, R24, -R24, R26 ; in function void geqr2_smem_domino_fast of type f64
#nixnan: error [NaN] detected in operand 1 of instruction DFMA R20, R24, -R24, R26 ; in function void geqr2_smem_domino_fast of type f64
#nixnan: error [NaN] detected in operand 1 of instruction DFMA R8, R20, R16, R24 ; in function void geqr2_smem_domino_fast of type f64
#nixnan: error [NaN] detected in operand 3 of instruction DFMA R8, R20, R16, R24 ; in function void geqr2_smem_domino_fast of type f64
#nixnan: error [NaN] detected in operand 2 of instruction DFMA R20, R24, -R24, R26 ; in function void geqr2_smem_domino_fast of type f64
#nixnan: error [NaN] detected in operand 0 of instruction DFMA R8, R20, R16, R24 ; in function void geqr2_smem_domino_fast of type f64
#nixnan: running kernel [void orgqr_step1_kernel] ...
#nixnan: running kernel [void cutlass::Kernel2] ...
#nixnan: running kernel [void larft_T_64_batch] ...
#nixnan: running kernel [void batch_eye_kernel] ...
#nixnan: running kernel [void lacpy_kernel] ...
#nixnan: running kernel [k_colscale] ...
#nixnan: running kernel [k_d2s] ...
#nixnan: running kernel [k_s2d] ...
#nixnan: running kernel [void gemv2N_kernel] ...
#nixnan: running kernel [xxtrf4_set_info_ker] ...
#nixnan: running kernel [void kernel] ...
#nixnan: running kernel [dtrsv_init] ...
#nixnan: running kernel [void trsv_ln_exec] ...
#nixnan: running kernel [dtrsv_init_up] ...
#nixnan: running kernel [void trsv_lt_exec] ...
#nixnan: running kernel [void iamax_kernel] ...
#nixnan: running kernel [void scal_kernel_val] ...
#nixnan: running kernel [k_scan_nonfinite] ...
#nixnan: running kernel [void axpy_kernel_val] ...
iter=0 dt_ms=4331.631 err=3.968e-05 exc=0
RESULT config=F32 n=256 kappa=2.00e+03 seed=0 status=converged niter=1 t_fact_ms=666.06 t_loop_ms=4332.90 t_per_iter_ms=4332.895 first_exc_iter=-1 first_exc_ms=-1.000
TOTAL config=F32 t_total_ms=4998.95 (= t_fact + t_loop)
#nixnan: Finalizing GPU context...

#nixnan: ------------ nixnan Report -----------

#nixnan: --- FP16 Operations ---
#nixnan: NaN:                    0 (0 repeats)
#nixnan: Infinity:               0 (0 repeats)
#nixnan: -Infinity:              0 (0 repeats)
#nixnan: Subnormal:              0 (0 repeats)
#nixnan: Division by 0:          0 (0 repeats)

#nixnan: --- BF16 Operations ---
#nixnan: NaN:                    0 (0 repeats)
#nixnan: Infinity:               0 (0 repeats)
#nixnan: -Infinity:              0 (0 repeats)
#nixnan: Subnormal:              0 (0 repeats)
#nixnan: Division by 0:          0 (0 repeats)

#nixnan: --- FP32 Operations ---
#nixnan: NaN:                    0 (0 repeats)
#nixnan: Infinity:               0 (0 repeats)
#nixnan: -Infinity:              0 (0 repeats)
#nixnan: Subnormal:              0 (0 repeats)
#nixnan: Division by 0:          0 (0 repeats)

#nixnan: --- FP64 Operations ---
#nixnan: NaN:                   22 (154 repeats)
#nixnan: Infinity:               1 (7 repeats)
#nixnan: -Infinity:              0 (0 repeats)
#nixnan: Subnormal:              0 (0 repeats)
#nixnan: Division by 0:          1 (8 repeats)

#nixnan: --- FP16 Memory  Operations ---
#nixnan: NaN:                    0 (0 repeats)
#nixnan: --- BF16 Memory  Operations ---
#nixnan: NaN:                    0 (0 repeats)
#nixnan: --- FP32 Memory  Operations ---
#nixnan: NaN:                    0 (0 repeats)
#nixnan: --- FP64 Memory  Operations ---
#nixnan: NaN:                    0 (0 repeats)
    ✓ EXCEPTION FOUND in F32 at κ=2000
  TF32 → phase8_logs/phase8_κ2000_TF32.log
------------- NVBit (NVidia Binary Instrumentation Tool v1.8) Loaded --------------
NVBit core environment variables (mostly for nvbit-devs):
ACK_CTX_INIT_LIMITATION = 0 - if set, no warning will be printed for nvbit_at_ctx_init()
            NVDISASM = nvdisasm - override default nvdisasm found in PATH
            NOBANNER = 0 - if set, does not print this banner
       NO_EAGER_LOAD = 1 - lazy module loading is now turned on by default. If you see deadlocks in your tool, set NO_EAGER_LOAD to 0
---------------------------------------------------------------------------------
         INSTR_BEGIN = 0 - Beginning of the instruction interval where to apply instrumentation
           INSTR_END = 4294967295 - End of the instruction interval where to apply instrumentation
        TOOL_VERBOSE = 0 - Enable verbosity inside the tool
   ENABLE_FUN_DETAIL = 0 - Enable detailed function information for kernel
     PRINT_ILL_INSTR = 0 - Print the instruction which caused the exception
            SAMPLING = 0 - Instrument a repeat kernel every SAMPLING times
           INSTR_MEM = 0 - Instrument memory instructions for NaN/Inf detection
           HISTOGRAM = 0 - Enable FP exponent histogramming
       BIN_SPEC_FILE =  - Specification for which exponent ranges to report. If the file does not exist, a template specification will be created.
For example:
{
    "count": 128,
    "doublings": 0,
    "bf16": [],
    "f16": [[0,5],[-4,-1]],
    "f32": [],
    "f64": []
}
will report every 128 occurrences of exponents in the ranges 0 to 5 and -4 to -1 for f16 numbers.

If `doublings=-N`, where `N` is positive, then each bucket will begin with a
size of `count`. When a bucket reaches the count threshold, it will double the
threshold and report. This doubling will continue until one bucket has been
doubled N times, then all buckets are reset to `count`.
             LOGFILE =  - Path to the optional log file. Default is to print to stderr. This is useful for the case when an instrumented program is capturing stderr.
           LINE_INFO = 1 - Disable debug information for source code locations. Having this enabled may cause crashes, so set this to 0 if you encounter issues.
#nixnan: ----------------------------------------------------------------------------------
WARNING: Do not call CUDA memory allocation in nvbit_at_ctx_init(). It will cause deadlocks. Do them in nvbit_tool_init(). If you encounter deadlocks, remove CUDA API calls to debug.
#nixnan: Initializing GPU context...
#nixnan: Could not open kernel_whitelist.txt!
#nixnan: Could not open kernel_blacklist.txt!
#nixnan: Instrumenting all kernels
#nixnan: running kernel [generate_seed_pseudo] ...
#nixnan: #nixnan: warning: Infinite immediate found in operand 3 of @P1 DFMA R44, R50, R44, +INF  ;
#nixnan: #nixnan: warning: Infinite immediate found in operand 3 of @P1 DFMA R44, R56, R44, +INF  ;
#nixnan: running kernel [void gen_sequenced_Philox] ...
#nixnan: running kernel [copy_info_kernel] ...
#nixnan: running kernel [void geqr2_smem_domino_fast] ...
#nixnan: error [div0] detected in operand 1 of instruction MUFU.RSQ64H R19, R27 ; in function void geqr2_smem_domino_fast of type f64
#nixnan: error [NaN] detected in operand 0 of instruction DMUL R10, R18, R18 ; in function void geqr2_smem_domino_fast of type f64
#nixnan: error [NaN] detected in operand 2 of instruction DMUL R10, R18, R18 ; in function void geqr2_smem_domino_fast of type f64
#nixnan: error [infinity] detected in operand 0 of instruction MUFU.RSQ64H R19, R27 ; in function void geqr2_smem_domino_fast of type f64
#nixnan: error [NaN] detected in operand 2 of instruction DFMA R10, R26, -R10, 1 ; in function void geqr2_smem_domino_fast of type f64
#nixnan: error [NaN] detected in operand 1 of instruction DMUL R10, R18, R18 ; in function void geqr2_smem_domino_fast of type f64
#nixnan: error [NaN] detected in operand 1 of instruction DMUL R10, R18, R10 ; in function void geqr2_smem_domino_fast of type f64
#nixnan: error [NaN] detected in operand 1 of instruction DFMA R16, R10, R16, 0.5 ; in function void geqr2_smem_domino_fast of type f64
#nixnan: error [NaN] detected in operand 2 of instruction DMUL R10, R18, R10 ; in function void geqr2_smem_domino_fast of type f64
#nixnan: error [NaN] detected in operand 0 of instruction DMUL R10, R18, R10 ; in function void geqr2_smem_domino_fast of type f64
#nixnan: error [NaN] detected in operand 1 of instruction DFMA R10, R16, R10, R18 ; in function void geqr2_smem_domino_fast of type f64
#nixnan: error [NaN] detected in operand 0 of instruction DFMA R16, R10, R16, 0.5 ; in function void geqr2_smem_domino_fast of type f64
#nixnan: error [NaN] detected in operand 0 of instruction DFMA R10, R26, -R10, 1 ; in function void geqr2_smem_domino_fast of type f64
#nixnan: error [NaN] detected in operand 2 of instruction DFMA R10, R16, R10, R18 ; in function void geqr2_smem_domino_fast of type f64
#nixnan: error [NaN] detected in operand 0 of instruction DFMA R10, R16, R10, R18 ; in function void geqr2_smem_domino_fast of type f64
#nixnan: error [NaN] detected in operand 3 of instruction DFMA R10, R16, R10, R18 ; in function void geqr2_smem_domino_fast of type f64
#nixnan: error [NaN] detected in operand 2 of instruction DFMA R20, R24, -R24, R26 ; in function void geqr2_smem_domino_fast of type f64
#nixnan: error [NaN] detected in operand 0 of instruction DMUL R24, R26, R10 ; in function void geqr2_smem_domino_fast of type f64
#nixnan: error [NaN] detected in operand 0 of instruction DFMA R20, R24, -R24, R26 ; in function void geqr2_smem_domino_fast of type f64
#nixnan: error [NaN] detected in operand 1 of instruction DFMA R20, R24, -R24, R26 ; in function void geqr2_smem_domino_fast of type f64
#nixnan: error [NaN] detected in operand 3 of instruction DFMA R8, R20, R16, R24 ; in function void geqr2_smem_domino_fast of type f64
#nixnan: error [NaN] detected in operand 1 of instruction DFMA R8, R20, R16, R24 ; in function void geqr2_smem_domino_fast of type f64
#nixnan: error [NaN] detected in operand 0 of instruction DFMA R8, R20, R16, R24 ; in function void geqr2_smem_domino_fast of type f64
#nixnan: error [NaN] detected in operand 2 of instruction DMUL R24, R26, R10 ; in function void geqr2_smem_domino_fast of type f64
#nixnan: running kernel [void orgqr_step1_kernel] ...
#nixnan: running kernel [void cutlass::Kernel2] ...
#nixnan: running kernel [void larft_T_64_batch] ...
#nixnan: running kernel [void batch_eye_kernel] ...
#nixnan: running kernel [void lacpy_kernel] ...
#nixnan: running kernel [k_colscale] ...
#nixnan: running kernel [k_d2s] ...
#nixnan: running kernel [k_s2d] ...
#nixnan: running kernel [void gemv2N_kernel] ...
#nixnan: running kernel [xxtrf4_set_info_ker] ...
#nixnan: running kernel [void kernel] ...
#nixnan: running kernel [dtrsv_init] ...
#nixnan: running kernel [void trsv_ln_exec] ...
#nixnan: running kernel [dtrsv_init_up] ...
#nixnan: running kernel [void trsv_lt_exec] ...
#nixnan: running kernel [void iamax_kernel] ...
#nixnan: running kernel [void scal_kernel_val] ...
#nixnan: running kernel [k_scan_nonfinite] ...
#nixnan: running kernel [void axpy_kernel_val] ...
iter=0 dt_ms=4324.335 err=3.968e-05 exc=0
RESULT config=TF32 n=256 kappa=2.00e+03 seed=0 status=converged niter=1 t_fact_ms=664.13 t_loop_ms=4325.62 t_per_iter_ms=4325.622 first_exc_iter=-1 first_exc_ms=-1.000
TOTAL config=TF32 t_total_ms=4989.75 (= t_fact + t_loop)
#nixnan: Finalizing GPU context...

#nixnan: ------------ nixnan Report -----------

#nixnan: --- FP16 Operations ---
#nixnan: NaN:                    0 (0 repeats)
#nixnan: Infinity:               0 (0 repeats)
#nixnan: -Infinity:              0 (0 repeats)
#nixnan: Subnormal:              0 (0 repeats)
#nixnan: Division by 0:          0 (0 repeats)

#nixnan: --- BF16 Operations ---
#nixnan: NaN:                    0 (0 repeats)
#nixnan: Infinity:               0 (0 repeats)
#nixnan: -Infinity:              0 (0 repeats)
#nixnan: Subnormal:              0 (0 repeats)
#nixnan: Division by 0:          0 (0 repeats)

#nixnan: --- FP32 Operations ---
#nixnan: NaN:                    0 (0 repeats)
#nixnan: Infinity:               0 (0 repeats)
#nixnan: -Infinity:              0 (0 repeats)
#nixnan: Subnormal:              0 (0 repeats)
#nixnan: Division by 0:          0 (0 repeats)

#nixnan: --- FP64 Operations ---
#nixnan: NaN:                   22 (154 repeats)
#nixnan: Infinity:               1 (7 repeats)
#nixnan: -Infinity:              0 (0 repeats)
#nixnan: Subnormal:              0 (0 repeats)
#nixnan: Division by 0:          1 (8 repeats)

#nixnan: --- FP16 Memory  Operations ---
#nixnan: NaN:                    0 (0 repeats)
#nixnan: --- BF16 Memory  Operations ---
#nixnan: NaN:                    0 (0 repeats)
#nixnan: --- FP32 Memory  Operations ---
#nixnan: NaN:                    0 (0 repeats)
#nixnan: --- FP64 Memory  Operations ---
#nixnan: NaN:                    0 (0 repeats)
    ✓ EXCEPTION FOUND in TF32 at κ=2000
  F16 → phase8_logs/phase8_κ2000_F16.log
------------- NVBit (NVidia Binary Instrumentation Tool v1.8) Loaded --------------
NVBit core environment variables (mostly for nvbit-devs):
ACK_CTX_INIT_LIMITATION = 0 - if set, no warning will be printed for nvbit_at_ctx_init()
            NVDISASM = nvdisasm - override default nvdisasm found in PATH
            NOBANNER = 0 - if set, does not print this banner
       NO_EAGER_LOAD = 1 - lazy module loading is now turned on by default. If you see deadlocks in your tool, set NO_EAGER_LOAD to 0
---------------------------------------------------------------------------------
         INSTR_BEGIN = 0 - Beginning of the instruction interval where to apply instrumentation
           INSTR_END = 4294967295 - End of the instruction interval where to apply instrumentation
        TOOL_VERBOSE = 0 - Enable verbosity inside the tool
   ENABLE_FUN_DETAIL = 0 - Enable detailed function information for kernel
     PRINT_ILL_INSTR = 0 - Print the instruction which caused the exception
            SAMPLING = 0 - Instrument a repeat kernel every SAMPLING times
           INSTR_MEM = 0 - Instrument memory instructions for NaN/Inf detection
           HISTOGRAM = 0 - Enable FP exponent histogramming
       BIN_SPEC_FILE =  - Specification for which exponent ranges to report. If the file does not exist, a template specification will be created.
For example:
{
    "count": 128,
    "doublings": 0,
    "bf16": [],
    "f16": [[0,5],[-4,-1]],
    "f32": [],
    "f64": []
}
will report every 128 occurrences of exponents in the ranges 0 to 5 and -4 to -1 for f16 numbers.

If `doublings=-N`, where `N` is positive, then each bucket will begin with a
size of `count`. When a bucket reaches the count threshold, it will double the
threshold and report. This doubling will continue until one bucket has been
doubled N times, then all buckets are reset to `count`.
             LOGFILE =  - Path to the optional log file. Default is to print to stderr. This is useful for the case when an instrumented program is capturing stderr.
           LINE_INFO = 1 - Disable debug information for source code locations. Having this enabled may cause crashes, so set this to 0 if you encounter issues.
#nixnan: ----------------------------------------------------------------------------------
WARNING: Do not call CUDA memory allocation in nvbit_at_ctx_init(). It will cause deadlocks. Do them in nvbit_tool_init(). If you encounter deadlocks, remove CUDA API calls to debug.
#nixnan: Initializing GPU context...
#nixnan: Could not open kernel_whitelist.txt!
#nixnan: Could not open kernel_blacklist.txt!
#nixnan: Instrumenting all kernels
#nixnan: running kernel [generate_seed_pseudo] ...
#nixnan: #nixnan: warning: Infinite immediate found in operand 3 of @P1 DFMA R44, R50, R44, +INF  ;
#nixnan: #nixnan: warning: Infinite immediate found in operand 3 of @P1 DFMA R44, R56, R44, +INF  ;
#nixnan: running kernel [void gen_sequenced_Philox] ...
#nixnan: running kernel [copy_info_kernel] ...
#nixnan: running kernel [void geqr2_smem_domino_fast] ...
#nixnan: error [div0] detected in operand 1 of instruction MUFU.RSQ64H R19, R27 ; in function void geqr2_smem_domino_fast of type f64
#nixnan: error [NaN] detected in operand 0 of instruction DMUL R10, R18, R18 ; in function void geqr2_smem_domino_fast of type f64
#nixnan: error [NaN] detected in operand 2 of instruction DFMA R10, R26, -R10, 1 ; in function void geqr2_smem_domino_fast of type f64
#nixnan: error [NaN] detected in operand 1 of instruction DMUL R10, R18, R18 ; in function void geqr2_smem_domino_fast of type f64
#nixnan: error [infinity] detected in operand 0 of instruction MUFU.RSQ64H R19, R27 ; in function void geqr2_smem_domino_fast of type f64
#nixnan: error [NaN] detected in operand 0 of instruction DFMA R16, R10, R16, 0.5 ; in function void geqr2_smem_domino_fast of type f64
#nixnan: error [NaN] detected in operand 1 of instruction DMUL R10, R18, R10 ; in function void geqr2_smem_domino_fast of type f64
#nixnan: error [NaN] detected in operand 0 of instruction DFMA R10, R26, -R10, 1 ; in function void geqr2_smem_domino_fast of type f64
#nixnan: error [NaN] detected in operand 2 of instruction DMUL R10, R18, R10 ; in function void geqr2_smem_domino_fast of type f64
#nixnan: error [NaN] detected in operand 2 of instruction DMUL R10, R18, R18 ; in function void geqr2_smem_domino_fast of type f64
#nixnan: error [NaN] detected in operand 1 of instruction DFMA R16, R10, R16, 0.5 ; in function void geqr2_smem_domino_fast of type f64
#nixnan: error [NaN] detected in operand 0 of instruction DMUL R10, R18, R10 ; in function void geqr2_smem_domino_fast of type f64
#nixnan: error [NaN] detected in operand 2 of instruction DMUL R24, R26, R10 ; in function void geqr2_smem_domino_fast of type f64
#nixnan: error [NaN] detected in operand 3 of instruction DFMA R10, R16, R10, R18 ; in function void geqr2_smem_domino_fast of type f64
#nixnan: error [NaN] detected in operand 2 of instruction DFMA R10, R16, R10, R18 ; in function void geqr2_smem_domino_fast of type f64
#nixnan: error [NaN] detected in operand 1 of instruction DFMA R10, R16, R10, R18 ; in function void geqr2_smem_domino_fast of type f64
#nixnan: error [NaN] detected in operand 0 of instruction DFMA R10, R16, R10, R18 ; in function void geqr2_smem_domino_fast of type f64
#nixnan: error [NaN] detected in operand 0 of instruction DFMA R20, R24, -R24, R26 ; in function void geqr2_smem_domino_fast of type f64
#nixnan: error [NaN] detected in operand 0 of instruction DMUL R24, R26, R10 ; in function void geqr2_smem_domino_fast of type f64
#nixnan: error [NaN] detected in operand 3 of instruction DFMA R8, R20, R16, R24 ; in function void geqr2_smem_domino_fast of type f64
#nixnan: error [NaN] detected in operand 1 of instruction DFMA R8, R20, R16, R24 ; in function void geqr2_smem_domino_fast of type f64
#nixnan: error [NaN] detected in operand 1 of instruction DFMA R20, R24, -R24, R26 ; in function void geqr2_smem_domino_fast of type f64
#nixnan: error [NaN] detected in operand 2 of instruction DFMA R20, R24, -R24, R26 ; in function void geqr2_smem_domino_fast of type f64
#nixnan: error [NaN] detected in operand 0 of instruction DFMA R8, R20, R16, R24 ; in function void geqr2_smem_domino_fast of type f64
#nixnan: running kernel [void orgqr_step1_kernel] ...
#nixnan: running kernel [void cutlass::Kernel2] ...
#nixnan: running kernel [void larft_T_64_batch] ...
#nixnan: running kernel [void batch_eye_kernel] ...
#nixnan: running kernel [void lacpy_kernel] ...
#nixnan: running kernel [k_colscale] ...
#nixnan: running kernel [k_d2s] ...
#nixnan: running kernel [k_s2d] ...
#nixnan: running kernel [void gemv2N_kernel] ...
#nixnan: running kernel [xxtrf4_set_info_ker] ...
#nixnan: running kernel [void kernel] ...
#nixnan: running kernel [dtrsv_init] ...
#nixnan: running kernel [void trsv_ln_exec] ...
#nixnan: running kernel [dtrsv_init_up] ...
#nixnan: running kernel [void trsv_lt_exec] ...
#nixnan: running kernel [void iamax_kernel] ...
#nixnan: running kernel [k_round16_sub] ...
#nixnan: running kernel [void scal_kernel_val] ...
#nixnan: running kernel [k_round16_vec] ...
#nixnan: running kernel [k_scan_nonfinite] ...
#nixnan: running kernel [void axpy_kernel_val] ...
iter=0 dt_ms=4378.523 err=4.987e-02 exc=0
iter=1 dt_ms=110.372 err=1.222e-03 exc=0
iter=2 dt_ms=110.048 err=5.947e-05 exc=0
iter=3 dt_ms=87.165 err=2.616e-06 exc=0
RESULT config=F16 n=256 kappa=2.00e+03 seed=0 status=converged niter=4 t_fact_ms=941.97 t_loop_ms=4687.22 t_per_iter_ms=1171.806 first_exc_iter=-1 first_exc_ms=-1.000
TOTAL config=F16 t_total_ms=5629.19 (= t_fact + t_loop)
#nixnan: Finalizing GPU context...

#nixnan: ------------ nixnan Report -----------

#nixnan: --- FP16 Operations ---
#nixnan: NaN:                    0 (0 repeats)
#nixnan: Infinity:               0 (0 repeats)
#nixnan: -Infinity:              0 (0 repeats)
#nixnan: Subnormal:              0 (0 repeats)
#nixnan: Division by 0:          0 (0 repeats)

#nixnan: --- BF16 Operations ---
#nixnan: NaN:                    0 (0 repeats)
#nixnan: Infinity:               0 (0 repeats)
#nixnan: -Infinity:              0 (0 repeats)
#nixnan: Subnormal:              0 (0 repeats)
#nixnan: Division by 0:          0 (0 repeats)

#nixnan: --- FP32 Operations ---
#nixnan: NaN:                    0 (0 repeats)
#nixnan: Infinity:               0 (0 repeats)
#nixnan: -Infinity:              0 (0 repeats)
#nixnan: Subnormal:              0 (0 repeats)
#nixnan: Division by 0:          0 (0 repeats)

#nixnan: --- FP64 Operations ---
#nixnan: NaN:                   22 (154 repeats)
#nixnan: Infinity:               1 (7 repeats)
#nixnan: -Infinity:              0 (0 repeats)
#nixnan: Subnormal:              0 (0 repeats)
#nixnan: Division by 0:          1 (8 repeats)

#nixnan: --- FP16 Memory  Operations ---
#nixnan: NaN:                    0 (0 repeats)
#nixnan: --- BF16 Memory  Operations ---
#nixnan: NaN:                    0 (0 repeats)
#nixnan: --- FP32 Memory  Operations ---
#nixnan: NaN:                    0 (0 repeats)
#nixnan: --- FP64 Memory  Operations ---
#nixnan: NaN:                    0 (0 repeats)
    ✓ EXCEPTION FOUND in F16 at κ=2000
  B16T → phase8_logs/phase8_κ2000_B16T.log
------------- NVBit (NVidia Binary Instrumentation Tool v1.8) Loaded --------------
NVBit core environment variables (mostly for nvbit-devs):
ACK_CTX_INIT_LIMITATION = 0 - if set, no warning will be printed for nvbit_at_ctx_init()
            NVDISASM = nvdisasm - override default nvdisasm found in PATH
            NOBANNER = 0 - if set, does not print this banner
       NO_EAGER_LOAD = 1 - lazy module loading is now turned on by default. If you see deadlocks in your tool, set NO_EAGER_LOAD to 0
---------------------------------------------------------------------------------
         INSTR_BEGIN = 0 - Beginning of the instruction interval where to apply instrumentation
           INSTR_END = 4294967295 - End of the instruction interval where to apply instrumentation
        TOOL_VERBOSE = 0 - Enable verbosity inside the tool
   ENABLE_FUN_DETAIL = 0 - Enable detailed function information for kernel
     PRINT_ILL_INSTR = 0 - Print the instruction which caused the exception
            SAMPLING = 0 - Instrument a repeat kernel every SAMPLING times
           INSTR_MEM = 0 - Instrument memory instructions for NaN/Inf detection
           HISTOGRAM = 0 - Enable FP exponent histogramming
       BIN_SPEC_FILE =  - Specification for which exponent ranges to report. If the file does not exist, a template specification will be created.
For example:
{
    "count": 128,
    "doublings": 0,
    "bf16": [],
    "f16": [[0,5],[-4,-1]],
    "f32": [],
    "f64": []
}
will report every 128 occurrences of exponents in the ranges 0 to 5 and -4 to -1 for f16 numbers.

If `doublings=-N`, where `N` is positive, then each bucket will begin with a
size of `count`. When a bucket reaches the count threshold, it will double the
threshold and report. This doubling will continue until one bucket has been
doubled N times, then all buckets are reset to `count`.
             LOGFILE =  - Path to the optional log file. Default is to print to stderr. This is useful for the case when an instrumented program is capturing stderr.
           LINE_INFO = 1 - Disable debug information for source code locations. Having this enabled may cause crashes, so set this to 0 if you encounter issues.
#nixnan: ----------------------------------------------------------------------------------
WARNING: Do not call CUDA memory allocation in nvbit_at_ctx_init(). It will cause deadlocks. Do them in nvbit_tool_init(). If you encounter deadlocks, remove CUDA API calls to debug.
#nixnan: Initializing GPU context...
#nixnan: Could not open kernel_whitelist.txt!
#nixnan: Could not open kernel_blacklist.txt!
#nixnan: Instrumenting all kernels
#nixnan: running kernel [generate_seed_pseudo] ...
#nixnan: #nixnan: warning: Infinite immediate found in operand 3 of @P1 DFMA R44, R50, R44, +INF  ;
#nixnan: #nixnan: warning: Infinite immediate found in operand 3 of @P1 DFMA R44, R56, R44, +INF  ;
#nixnan: running kernel [void gen_sequenced_Philox] ...
#nixnan: running kernel [copy_info_kernel] ...
#nixnan: running kernel [void geqr2_smem_domino_fast] ...
#nixnan: error [div0] detected in operand 1 of instruction MUFU.RSQ64H R19, R27 ; in function void geqr2_smem_domino_fast of type f64
#nixnan: error [infinity] detected in operand 0 of instruction MUFU.RSQ64H R19, R27 ; in function void geqr2_smem_domino_fast of type f64
#nixnan: error [NaN] detected in operand 0 of instruction DFMA R16, R10, R16, 0.5 ; in function void geqr2_smem_domino_fast of type f64
#nixnan: error [NaN] detected in operand 0 of instruction DMUL R10, R18, R18 ; in function void geqr2_smem_domino_fast of type f64
#nixnan: error [NaN] detected in operand 2 of instruction DFMA R10, R26, -R10, 1 ; in function void geqr2_smem_domino_fast of type f64
#nixnan: error [NaN] detected in operand 0 of instruction DFMA R10, R26, -R10, 1 ; in function void geqr2_smem_domino_fast of type f64
#nixnan: error [NaN] detected in operand 2 of instruction DMUL R10, R18, R18 ; in function void geqr2_smem_domino_fast of type f64
#nixnan: error [NaN] detected in operand 1 of instruction DMUL R10, R18, R18 ; in function void geqr2_smem_domino_fast of type f64
#nixnan: error [NaN] detected in operand 2 of instruction DMUL R10, R18, R10 ; in function void geqr2_smem_domino_fast of type f64
#nixnan: error [NaN] detected in operand 1 of instruction DMUL R10, R18, R10 ; in function void geqr2_smem_domino_fast of type f64
#nixnan: error [NaN] detected in operand 0 of instruction DMUL R10, R18, R10 ; in function void geqr2_smem_domino_fast of type f64
#nixnan: error [NaN] detected in operand 1 of instruction DFMA R10, R16, R10, R18 ; in function void geqr2_smem_domino_fast of type f64
#nixnan: error [NaN] detected in operand 2 of instruction DFMA R10, R16, R10, R18 ; in function void geqr2_smem_domino_fast of type f64
#nixnan: error [NaN] detected in operand 3 of instruction DFMA R10, R16, R10, R18 ; in function void geqr2_smem_domino_fast of type f64
#nixnan: error [NaN] detected in operand 0 of instruction DFMA R10, R16, R10, R18 ; in function void geqr2_smem_domino_fast of type f64
#nixnan: error [NaN] detected in operand 0 of instruction DMUL R24, R26, R10 ; in function void geqr2_smem_domino_fast of type f64
#nixnan: error [NaN] detected in operand 2 of instruction DMUL R24, R26, R10 ; in function void geqr2_smem_domino_fast of type f64
#nixnan: error [NaN] detected in operand 1 of instruction DFMA R16, R10, R16, 0.5 ; in function void geqr2_smem_domino_fast of type f64
#nixnan: error [NaN] detected in operand 2 of instruction DFMA R20, R24, -R24, R26 ; in function void geqr2_smem_domino_fast of type f64
#nixnan: error [NaN] detected in operand 1 of instruction DFMA R8, R20, R16, R24 ; in function void geqr2_smem_domino_fast of type f64
#nixnan: error [NaN] detected in operand 0 of instruction DFMA R20, R24, -R24, R26 ; in function void geqr2_smem_domino_fast of type f64
#nixnan: error [NaN] detected in operand 0 of instruction DFMA R8, R20, R16, R24 ; in function void geqr2_smem_domino_fast of type f64
#nixnan: error [NaN] detected in operand 3 of instruction DFMA R8, R20, R16, R24 ; in function void geqr2_smem_domino_fast of type f64
#nixnan: error [NaN] detected in operand 1 of instruction DFMA R20, R24, -R24, R26 ; in function void geqr2_smem_domino_fast of type f64
#nixnan: running kernel [void orgqr_step1_kernel] ...
#nixnan: running kernel [void cutlass::Kernel2] ...
#nixnan: running kernel [void larft_T_64_batch] ...
#nixnan: running kernel [void batch_eye_kernel] ...
#nixnan: running kernel [void lacpy_kernel] ...
#nixnan: running kernel [k_colscale] ...
#nixnan: running kernel [k_d2s] ...
#nixnan: running kernel [k_s2d] ...
#nixnan: running kernel [void gemv2N_kernel] ...
#nixnan: running kernel [xxtrf4_set_info_ker] ...
#nixnan: running kernel [void kernel] ...
#nixnan: running kernel [dtrsv_init] ...
#nixnan: running kernel [void trsv_ln_exec] ...
#nixnan: running kernel [dtrsv_init_up] ...
#nixnan: running kernel [void trsv_lt_exec] ...
#nixnan: running kernel [void iamax_kernel] ...
#nixnan: running kernel [k_round16_sub] ...
#nixnan: running kernel [void scal_kernel_val] ...
#nixnan: running kernel [k_round16_vec] ...
#nixnan: running kernel [k_scan_nonfinite] ...
#nixnan: running kernel [void axpy_kernel_val] ...
iter=0 dt_ms=4367.694 err=5.154e-01 exc=0
iter=1 dt_ms=108.488 err=1.705e-01 exc=0
iter=2 dt_ms=108.545 err=1.174e-01 exc=0
iter=3 dt_ms=108.026 err=1.089e-01 exc=0
iter=4 dt_ms=108.160 err=1.024e-01 exc=0
iter=5 dt_ms=106.979 err=1.069e-01 exc=0
iter=6 dt_ms=89.291 err=1.211e-01 exc=0
RESULT config=B16T n=256 kappa=2.00e+03 seed=0 status=fail niter=-1 t_fact_ms=935.54 t_loop_ms=4998.33 t_per_iter_ms=714.047 first_exc_iter=-1 first_exc_ms=-1.000
TOTAL config=B16T t_total_ms=5933.86 (= t_fact + t_loop)
#nixnan: Finalizing GPU context...

#nixnan: ------------ nixnan Report -----------

#nixnan: --- FP16 Operations ---
#nixnan: NaN:                    0 (0 repeats)
#nixnan: Infinity:               0 (0 repeats)
#nixnan: -Infinity:              0 (0 repeats)
#nixnan: Subnormal:              0 (0 repeats)
#nixnan: Division by 0:          0 (0 repeats)

#nixnan: --- BF16 Operations ---
#nixnan: NaN:                    0 (0 repeats)
#nixnan: Infinity:               0 (0 repeats)
#nixnan: -Infinity:              0 (0 repeats)
#nixnan: Subnormal:              0 (0 repeats)
#nixnan: Division by 0:          0 (0 repeats)

#nixnan: --- FP32 Operations ---
#nixnan: NaN:                    0 (0 repeats)
#nixnan: Infinity:               0 (0 repeats)
#nixnan: -Infinity:              0 (0 repeats)
#nixnan: Subnormal:              0 (0 repeats)
#nixnan: Division by 0:          0 (0 repeats)

#nixnan: --- FP64 Operations ---
#nixnan: NaN:                   22 (154 repeats)
#nixnan: Infinity:               1 (7 repeats)
#nixnan: -Infinity:              0 (0 repeats)
#nixnan: Subnormal:              0 (0 repeats)
#nixnan: Division by 0:          1 (8 repeats)

#nixnan: --- FP16 Memory  Operations ---
#nixnan: NaN:                    0 (0 repeats)
#nixnan: --- BF16 Memory  Operations ---
#nixnan: NaN:                    0 (0 repeats)
#nixnan: --- FP32 Memory  Operations ---
#nixnan: NaN:                    0 (0 repeats)
#nixnan: --- FP64 Memory  Operations ---
#nixnan: NaN:                    0 (0 repeats)
    ✓ EXCEPTION FOUND in B16T at κ=2000
  B16S → phase8_logs/phase8_κ2000_B16S.log
------------- NVBit (NVidia Binary Instrumentation Tool v1.8) Loaded --------------
NVBit core environment variables (mostly for nvbit-devs):
ACK_CTX_INIT_LIMITATION = 0 - if set, no warning will be printed for nvbit_at_ctx_init()
            NVDISASM = nvdisasm - override default nvdisasm found in PATH
            NOBANNER = 0 - if set, does not print this banner
       NO_EAGER_LOAD = 1 - lazy module loading is now turned on by default. If you see deadlocks in your tool, set NO_EAGER_LOAD to 0
---------------------------------------------------------------------------------
         INSTR_BEGIN = 0 - Beginning of the instruction interval where to apply instrumentation
           INSTR_END = 4294967295 - End of the instruction interval where to apply instrumentation
        TOOL_VERBOSE = 0 - Enable verbosity inside the tool
   ENABLE_FUN_DETAIL = 0 - Enable detailed function information for kernel
     PRINT_ILL_INSTR = 0 - Print the instruction which caused the exception
            SAMPLING = 0 - Instrument a repeat kernel every SAMPLING times
           INSTR_MEM = 0 - Instrument memory instructions for NaN/Inf detection
           HISTOGRAM = 0 - Enable FP exponent histogramming
       BIN_SPEC_FILE =  - Specification for which exponent ranges to report. If the file does not exist, a template specification will be created.
For example:
{
    "count": 128,
    "doublings": 0,
    "bf16": [],
    "f16": [[0,5],[-4,-1]],
    "f32": [],
    "f64": []
}
will report every 128 occurrences of exponents in the ranges 0 to 5 and -4 to -1 for f16 numbers.

If `doublings=-N`, where `N` is positive, then each bucket will begin with a
size of `count`. When a bucket reaches the count threshold, it will double the
threshold and report. This doubling will continue until one bucket has been
doubled N times, then all buckets are reset to `count`.
             LOGFILE =  - Path to the optional log file. Default is to print to stderr. This is useful for the case when an instrumented program is capturing stderr.
           LINE_INFO = 1 - Disable debug information for source code locations. Having this enabled may cause crashes, so set this to 0 if you encounter issues.
#nixnan: ----------------------------------------------------------------------------------
WARNING: Do not call CUDA memory allocation in nvbit_at_ctx_init(). It will cause deadlocks. Do them in nvbit_tool_init(). If you encounter deadlocks, remove CUDA API calls to debug.
#nixnan: Initializing GPU context...
#nixnan: Could not open kernel_whitelist.txt!
#nixnan: Could not open kernel_blacklist.txt!
#nixnan: Instrumenting all kernels
#nixnan: running kernel [generate_seed_pseudo] ...
#nixnan: #nixnan: warning: Infinite immediate found in operand 3 of @P1 DFMA R44, R50, R44, +INF  ;
#nixnan: #nixnan: warning: Infinite immediate found in operand 3 of @P1 DFMA R44, R56, R44, +INF  ;
#nixnan: running kernel [void gen_sequenced_Philox] ...
#nixnan: running kernel [copy_info_kernel] ...
#nixnan: running kernel [void geqr2_smem_domino_fast] ...
#nixnan: error [div0] detected in operand 1 of instruction MUFU.RSQ64H R19, R27 ; in function void geqr2_smem_domino_fast of type f64
#nixnan: error [NaN] detected in operand 1 of instruction DMUL R10, R18, R18 ; in function void geqr2_smem_domino_fast of type f64
#nixnan: error [infinity] detected in operand 0 of instruction MUFU.RSQ64H R19, R27 ; in function void geqr2_smem_domino_fast of type f64
#nixnan: error [NaN] detected in operand 2 of instruction DMUL R10, R18, R18 ; in function void geqr2_smem_domino_fast of type f64
#nixnan: error [NaN] detected in operand 0 of instruction DFMA R10, R26, -R10, 1 ; in function void geqr2_smem_domino_fast of type f64
#nixnan: error [NaN] detected in operand 0 of instruction DFMA R16, R10, R16, 0.5 ; in function void geqr2_smem_domino_fast of type f64
#nixnan: error [NaN] detected in operand 0 of instruction DMUL R10, R18, R18 ; in function void geqr2_smem_domino_fast of type f64
#nixnan: error [NaN] detected in operand 1 of instruction DMUL R10, R18, R10 ; in function void geqr2_smem_domino_fast of type f64
#nixnan: error [NaN] detected in operand 2 of instruction DMUL R10, R18, R10 ; in function void geqr2_smem_domino_fast of type f64
#nixnan: error [NaN] detected in operand 0 of instruction DMUL R10, R18, R10 ; in function void geqr2_smem_domino_fast of type f64
#nixnan: error [NaN] detected in operand 2 of instruction DFMA R10, R26, -R10, 1 ; in function void geqr2_smem_domino_fast of type f64
#nixnan: error [NaN] detected in operand 1 of instruction DFMA R10, R16, R10, R18 ; in function void geqr2_smem_domino_fast of type f64
#nixnan: error [NaN] detected in operand 2 of instruction DFMA R10, R16, R10, R18 ; in function void geqr2_smem_domino_fast of type f64
#nixnan: error [NaN] detected in operand 0 of instruction DFMA R10, R16, R10, R18 ; in function void geqr2_smem_domino_fast of type f64
#nixnan: error [NaN] detected in operand 2 of instruction DMUL R24, R26, R10 ; in function void geqr2_smem_domino_fast of type f64
#nixnan: error [NaN] detected in operand 1 of instruction DFMA R20, R24, -R24, R26 ; in function void geqr2_smem_domino_fast of type f64
#nixnan: error [NaN] detected in operand 2 of instruction DFMA R20, R24, -R24, R26 ; in function void geqr2_smem_domino_fast of type f64
#nixnan: error [NaN] detected in operand 3 of instruction DFMA R10, R16, R10, R18 ; in function void geqr2_smem_domino_fast of type f64
#nixnan: error [NaN] detected in operand 0 of instruction DFMA R20, R24, -R24, R26 ; in function void geqr2_smem_domino_fast of type f64
#nixnan: error [NaN] detected in operand 0 of instruction DMUL R24, R26, R10 ; in function void geqr2_smem_domino_fast of type f64
#nixnan: error [NaN] detected in operand 3 of instruction DFMA R8, R20, R16, R24 ; in function void geqr2_smem_domino_fast of type f64
#nixnan: error [NaN] detected in operand 1 of instruction DFMA R16, R10, R16, 0.5 ; in function void geqr2_smem_domino_fast of type f64
#nixnan: error [NaN] detected in operand 1 of instruction DFMA R8, R20, R16, R24 ; in function void geqr2_smem_domino_fast of type f64
#nixnan: error [NaN] detected in operand 0 of instruction DFMA R8, R20, R16, R24 ; in function void geqr2_smem_domino_fast of type f64
#nixnan: running kernel [void orgqr_step1_kernel] ...
#nixnan: running kernel [void cutlass::Kernel2] ...
#nixnan: running kernel [void larft_T_64_batch] ...
#nixnan: running kernel [void batch_eye_kernel] ...
#nixnan: running kernel [void lacpy_kernel] ...
#nixnan: running kernel [k_colscale] ...
#nixnan: running kernel [k_d2s] ...
#nixnan: running kernel [k_s2d] ...
#nixnan: running kernel [void gemv2N_kernel] ...
#nixnan: running kernel [xxtrf4_set_info_ker] ...
#nixnan: running kernel [void kernel] ...
#nixnan: running kernel [dtrsv_init] ...
#nixnan: running kernel [void trsv_ln_exec] ...
#nixnan: running kernel [dtrsv_init_up] ...
#nixnan: running kernel [void trsv_lt_exec] ...
#nixnan: running kernel [void iamax_kernel] ...
#nixnan: running kernel [k_s2bf] ...
#nixnan: running kernel [k_bfpanel2s] ...
#nixnan: running kernel [k_spanel2bf] ...
#nixnan: running kernel [void scal_kernel_val] ...
#nixnan: warning: NaN immediate found in operand 1 of MUFU.RSQ R12, -QNAN  ;
#nixnan: running kernel [k_bf_trsv] ...
#nixnan: running kernel [k_bf2s] ...
#nixnan: running kernel [k_scan_nonfinite] ...
#nixnan: running kernel [void axpy_kernel_val] ...
iter=0 dt_ms=4246.110 err=1.496e+00 exc=0
iter=1 dt_ms=135.944 err=1.021e+00 exc=0
iter=2 dt_ms=135.914 err=8.401e-01 exc=0
iter=3 dt_ms=135.951 err=8.037e-01 exc=0
iter=4 dt_ms=124.820 err=8.128e-01 exc=0
iter=5 dt_ms=116.597 err=9.269e-01 exc=0
RESULT config=B16S n=256 kappa=2.00e+03 seed=0 status=fail niter=-1 t_fact_ms=1438.68 t_loop_ms=4896.32 t_per_iter_ms=816.054 first_exc_iter=-1 first_exc_ms=-1.000
TOTAL config=B16S t_total_ms=6335.01 (= t_fact + t_loop)
#nixnan: Finalizing GPU context...

#nixnan: ------------ nixnan Report -----------

#nixnan: --- FP16 Operations ---
#nixnan: NaN:                    0 (0 repeats)
#nixnan: Infinity:               0 (0 repeats)
#nixnan: -Infinity:              0 (0 repeats)
#nixnan: Subnormal:              0 (0 repeats)
#nixnan: Division by 0:          0 (0 repeats)

#nixnan: --- BF16 Operations ---
#nixnan: NaN:                    0 (0 repeats)
#nixnan: Infinity:               0 (0 repeats)
#nixnan: -Infinity:              0 (0 repeats)
#nixnan: Subnormal:              0 (0 repeats)
#nixnan: Division by 0:          0 (0 repeats)

#nixnan: --- FP32 Operations ---
#nixnan: NaN:                    0 (0 repeats)
#nixnan: Infinity:               0 (0 repeats)
#nixnan: -Infinity:              0 (0 repeats)
#nixnan: Subnormal:              0 (0 repeats)
#nixnan: Division by 0:          0 (0 repeats)

#nixnan: --- FP64 Operations ---
#nixnan: NaN:                   22 (154 repeats)
#nixnan: Infinity:               1 (7 repeats)
#nixnan: -Infinity:              0 (0 repeats)
#nixnan: Subnormal:              0 (0 repeats)
#nixnan: Division by 0:          1 (8 repeats)

#nixnan: --- FP16 Memory  Operations ---
#nixnan: NaN:                    0 (0 repeats)
#nixnan: --- BF16 Memory  Operations ---
#nixnan: NaN:                    0 (0 repeats)
#nixnan: --- FP32 Memory  Operations ---
#nixnan: NaN:                    0 (0 repeats)
#nixnan: --- FP64 Memory  Operations ---
#nixnan: NaN:                    0 (0 repeats)
    ✓ EXCEPTION FOUND in B16S at κ=2000

Testing κ=3000...
  F64 → phase8_logs/phase8_κ3000_F64.log
------------- NVBit (NVidia Binary Instrumentation Tool v1.8) Loaded --------------
NVBit core environment variables (mostly for nvbit-devs):
ACK_CTX_INIT_LIMITATION = 0 - if set, no warning will be printed for nvbit_at_ctx_init()
            NVDISASM = nvdisasm - override default nvdisasm found in PATH
            NOBANNER = 0 - if set, does not print this banner
       NO_EAGER_LOAD = 1 - lazy module loading is now turned on by default. If you see deadlocks in your tool, set NO_EAGER_LOAD to 0
---------------------------------------------------------------------------------
         INSTR_BEGIN = 0 - Beginning of the instruction interval where to apply instrumentation
           INSTR_END = 4294967295 - End of the instruction interval where to apply instrumentation
        TOOL_VERBOSE = 0 - Enable verbosity inside the tool
   ENABLE_FUN_DETAIL = 0 - Enable detailed function information for kernel
     PRINT_ILL_INSTR = 0 - Print the instruction which caused the exception
            SAMPLING = 0 - Instrument a repeat kernel every SAMPLING times
           INSTR_MEM = 0 - Instrument memory instructions for NaN/Inf detection
           HISTOGRAM = 0 - Enable FP exponent histogramming
       BIN_SPEC_FILE =  - Specification for which exponent ranges to report. If the file does not exist, a template specification will be created.
For example:
{
    "count": 128,
    "doublings": 0,
    "bf16": [],
    "f16": [[0,5],[-4,-1]],
    "f32": [],
    "f64": []
}
will report every 128 occurrences of exponents in the ranges 0 to 5 and -4 to -1 for f16 numbers.

If `doublings=-N`, where `N` is positive, then each bucket will begin with a
size of `count`. When a bucket reaches the count threshold, it will double the
threshold and report. This doubling will continue until one bucket has been
doubled N times, then all buckets are reset to `count`.
             LOGFILE =  - Path to the optional log file. Default is to print to stderr. This is useful for the case when an instrumented program is capturing stderr.
           LINE_INFO = 1 - Disable debug information for source code locations. Having this enabled may cause crashes, so set this to 0 if you encounter issues.
#nixnan: ----------------------------------------------------------------------------------
WARNING: Do not call CUDA memory allocation in nvbit_at_ctx_init(). It will cause deadlocks. Do them in nvbit_tool_init(). If you encounter deadlocks, remove CUDA API calls to debug.
#nixnan: Initializing GPU context...
#nixnan: Could not open kernel_whitelist.txt!
#nixnan: Could not open kernel_blacklist.txt!
#nixnan: Instrumenting all kernels
#nixnan: running kernel [generate_seed_pseudo] ...
#nixnan: #nixnan: warning: Infinite immediate found in operand 3 of @P1 DFMA R44, R50, R44, +INF  ;
#nixnan: #nixnan: warning: Infinite immediate found in operand 3 of @P1 DFMA R44, R56, R44, +INF  ;
#nixnan: running kernel [void gen_sequenced_Philox] ...
#nixnan: running kernel [copy_info_kernel] ...
#nixnan: running kernel [void geqr2_smem_domino_fast] ...
#nixnan: error [div0] detected in operand 1 of instruction MUFU.RSQ64H R19, R27 ; in function void geqr2_smem_domino_fast of type f64
#nixnan: error [infinity] detected in operand 0 of instruction MUFU.RSQ64H R19, R27 ; in function void geqr2_smem_domino_fast of type f64
#nixnan: error [NaN] detected in operand 0 of instruction DFMA R10, R26, -R10, 1 ; in function void geqr2_smem_domino_fast of type f64
#nixnan: error [NaN] detected in operand 0 of instruction DFMA R16, R10, R16, 0.5 ; in function void geqr2_smem_domino_fast of type f64
#nixnan: error [NaN] detected in operand 2 of instruction DMUL R10, R18, R18 ; in function void geqr2_smem_domino_fast of type f64
#nixnan: error [NaN] detected in operand 1 of instruction DMUL R10, R18, R18 ; in function void geqr2_smem_domino_fast of type f64
#nixnan: error [NaN] detected in operand 2 of instruction DFMA R10, R26, -R10, 1 ; in function void geqr2_smem_domino_fast of type f64
#nixnan: error [NaN] detected in operand 0 of instruction DMUL R10, R18, R18 ; in function void geqr2_smem_domino_fast of type f64
#nixnan: error [NaN] detected in operand 1 of instruction DMUL R10, R18, R10 ; in function void geqr2_smem_domino_fast of type f64
#nixnan: error [NaN] detected in operand 0 of instruction DMUL R10, R18, R10 ; in function void geqr2_smem_domino_fast of type f64
#nixnan: error [NaN] detected in operand 1 of instruction DFMA R16, R10, R16, 0.5 ; in function void geqr2_smem_domino_fast of type f64
#nixnan: error [NaN] detected in operand 1 of instruction DFMA R10, R16, R10, R18 ; in function void geqr2_smem_domino_fast of type f64
#nixnan: error [NaN] detected in operand 2 of instruction DMUL R10, R18, R10 ; in function void geqr2_smem_domino_fast of type f64
#nixnan: error [NaN] detected in operand 2 of instruction DFMA R10, R16, R10, R18 ; in function void geqr2_smem_domino_fast of type f64
#nixnan: error [NaN] detected in operand 2 of instruction DMUL R24, R26, R10 ; in function void geqr2_smem_domino_fast of type f64
#nixnan: error [NaN] detected in operand 3 of instruction DFMA R10, R16, R10, R18 ; in function void geqr2_smem_domino_fast of type f64
#nixnan: error [NaN] detected in operand 0 of instruction DMUL R24, R26, R10 ; in function void geqr2_smem_domino_fast of type f64
#nixnan: error [NaN] detected in operand 2 of instruction DFMA R20, R24, -R24, R26 ; in function void geqr2_smem_domino_fast of type f64
#nixnan: error [NaN] detected in operand 1 of instruction DFMA R20, R24, -R24, R26 ; in function void geqr2_smem_domino_fast of type f64
#nixnan: error [NaN] detected in operand 0 of instruction DFMA R10, R16, R10, R18 ; in function void geqr2_smem_domino_fast of type f64
#nixnan: error [NaN] detected in operand 0 of instruction DFMA R20, R24, -R24, R26 ; in function void geqr2_smem_domino_fast of type f64
#nixnan: error [NaN] detected in operand 3 of instruction DFMA R8, R20, R16, R24 ; in function void geqr2_smem_domino_fast of type f64
#nixnan: error [NaN] detected in operand 1 of instruction DFMA R8, R20, R16, R24 ; in function void geqr2_smem_domino_fast of type f64
#nixnan: error [NaN] detected in operand 0 of instruction DFMA R8, R20, R16, R24 ; in function void geqr2_smem_domino_fast of type f64
#nixnan: running kernel [void orgqr_step1_kernel] ...
#nixnan: running kernel [void cutlass::Kernel2] ...
#nixnan: running kernel [void larft_T_64_batch] ...
#nixnan: running kernel [void batch_eye_kernel] ...
#nixnan: running kernel [void lacpy_kernel] ...
#nixnan: running kernel [k_colscale] ...
#nixnan: running kernel [k_d2s] ...
#nixnan: running kernel [k_s2d] ...
#nixnan: running kernel [void gemv2N_kernel] ...
#nixnan: running kernel [xxtrf4_set_info_ker] ...
#nixnan: running kernel [void kernel] ...
#nixnan: running kernel [dtrsv_init] ...
#nixnan: running kernel [void trsv_ln_exec] ...
#nixnan: running kernel [dtrsv_init_up] ...
#nixnan: running kernel [void trsv_lt_exec] ...
#nixnan: running kernel [void iamax_kernel] ...
#nixnan: running kernel [void scal_kernel_val] ...
#nixnan: running kernel [k_scan_nonfinite] ...
#nixnan: running kernel [void axpy_kernel_val] ...
iter=0 dt_ms=4349.889 err=5.090e-06 exc=0
RESULT config=F64 n=256 kappa=3.00e+03 seed=0 status=converged niter=1 t_fact_ms=192.03 t_loop_ms=4351.07 t_per_iter_ms=4351.070 first_exc_iter=-1 first_exc_ms=-1.000
TOTAL config=F64 t_total_ms=4543.10 (= t_fact + t_loop)
#nixnan: Finalizing GPU context...

#nixnan: ------------ nixnan Report -----------

#nixnan: --- FP16 Operations ---
#nixnan: NaN:                    0 (0 repeats)
#nixnan: Infinity:               0 (0 repeats)
#nixnan: -Infinity:              0 (0 repeats)
#nixnan: Subnormal:              0 (0 repeats)
#nixnan: Division by 0:          0 (0 repeats)

#nixnan: --- BF16 Operations ---
#nixnan: NaN:                    0 (0 repeats)
#nixnan: Infinity:               0 (0 repeats)
#nixnan: -Infinity:              0 (0 repeats)
#nixnan: Subnormal:              0 (0 repeats)
#nixnan: Division by 0:          0 (0 repeats)

#nixnan: --- FP32 Operations ---
#nixnan: NaN:                    0 (0 repeats)
#nixnan: Infinity:               0 (0 repeats)
#nixnan: -Infinity:              0 (0 repeats)
#nixnan: Subnormal:              0 (0 repeats)
#nixnan: Division by 0:          0 (0 repeats)

#nixnan: --- FP64 Operations ---
#nixnan: NaN:                   22 (154 repeats)
#nixnan: Infinity:               1 (7 repeats)
#nixnan: -Infinity:              0 (0 repeats)
#nixnan: Subnormal:              0 (0 repeats)
#nixnan: Division by 0:          1 (8 repeats)

#nixnan: --- FP16 Memory  Operations ---
#nixnan: NaN:                    0 (0 repeats)
#nixnan: --- BF16 Memory  Operations ---
#nixnan: NaN:                    0 (0 repeats)
#nixnan: --- FP32 Memory  Operations ---
#nixnan: NaN:                    0 (0 repeats)
#nixnan: --- FP64 Memory  Operations ---
#nixnan: NaN:                    0 (0 repeats)
    ✓ EXCEPTION FOUND in F64 at κ=3000
  F32 → phase8_logs/phase8_κ3000_F32.log
------------- NVBit (NVidia Binary Instrumentation Tool v1.8) Loaded --------------
NVBit core environment variables (mostly for nvbit-devs):
ACK_CTX_INIT_LIMITATION = 0 - if set, no warning will be printed for nvbit_at_ctx_init()
            NVDISASM = nvdisasm - override default nvdisasm found in PATH
            NOBANNER = 0 - if set, does not print this banner
       NO_EAGER_LOAD = 1 - lazy module loading is now turned on by default. If you see deadlocks in your tool, set NO_EAGER_LOAD to 0
---------------------------------------------------------------------------------
         INSTR_BEGIN = 0 - Beginning of the instruction interval where to apply instrumentation
           INSTR_END = 4294967295 - End of the instruction interval where to apply instrumentation
        TOOL_VERBOSE = 0 - Enable verbosity inside the tool
   ENABLE_FUN_DETAIL = 0 - Enable detailed function information for kernel
     PRINT_ILL_INSTR = 0 - Print the instruction which caused the exception
            SAMPLING = 0 - Instrument a repeat kernel every SAMPLING times
           INSTR_MEM = 0 - Instrument memory instructions for NaN/Inf detection
           HISTOGRAM = 0 - Enable FP exponent histogramming
       BIN_SPEC_FILE =  - Specification for which exponent ranges to report. If the file does not exist, a template specification will be created.
For example:
{
    "count": 128,
    "doublings": 0,
    "bf16": [],
    "f16": [[0,5],[-4,-1]],
    "f32": [],
    "f64": []
}
will report every 128 occurrences of exponents in the ranges 0 to 5 and -4 to -1 for f16 numbers.

If `doublings=-N`, where `N` is positive, then each bucket will begin with a
size of `count`. When a bucket reaches the count threshold, it will double the
threshold and report. This doubling will continue until one bucket has been
doubled N times, then all buckets are reset to `count`.
             LOGFILE =  - Path to the optional log file. Default is to print to stderr. This is useful for the case when an instrumented program is capturing stderr.
           LINE_INFO = 1 - Disable debug information for source code locations. Having this enabled may cause crashes, so set this to 0 if you encounter issues.
#nixnan: ----------------------------------------------------------------------------------
WARNING: Do not call CUDA memory allocation in nvbit_at_ctx_init(). It will cause deadlocks. Do them in nvbit_tool_init(). If you encounter deadlocks, remove CUDA API calls to debug.
#nixnan: Initializing GPU context...
#nixnan: Could not open kernel_whitelist.txt!
#nixnan: Could not open kernel_blacklist.txt!
#nixnan: Instrumenting all kernels
#nixnan: running kernel [generate_seed_pseudo] ...
#nixnan: #nixnan: warning: Infinite immediate found in operand 3 of @P1 DFMA R44, R50, R44, +INF  ;
#nixnan: #nixnan: warning: Infinite immediate found in operand 3 of @P1 DFMA R44, R56, R44, +INF  ;
#nixnan: running kernel [void gen_sequenced_Philox] ...
#nixnan: running kernel [copy_info_kernel] ...
#nixnan: running kernel [void geqr2_smem_domino_fast] ...
#nixnan: error [div0] detected in operand 1 of instruction MUFU.RSQ64H R19, R27 ; in function void geqr2_smem_domino_fast of type f64
#nixnan: error [NaN] detected in operand 2 of instruction DMUL R10, R18, R18 ; in function void geqr2_smem_domino_fast of type f64
#nixnan: error [NaN] detected in operand 1 of instruction DMUL R10, R18, R18 ; in function void geqr2_smem_domino_fast of type f64
#nixnan: error [NaN] detected in operand 0 of instruction DFMA R16, R10, R16, 0.5 ; in function void geqr2_smem_domino_fast of type f64
#nixnan: error [NaN] detected in operand 1 of instruction DMUL R10, R18, R10 ; in function void geqr2_smem_domino_fast of type f64
#nixnan: error [NaN] detected in operand 2 of instruction DMUL R10, R18, R10 ; in function void geqr2_smem_domino_fast of type f64
#nixnan: error [infinity] detected in operand 0 of instruction MUFU.RSQ64H R19, R27 ; in function void geqr2_smem_domino_fast of type f64
#nixnan: error [NaN] detected in operand 1 of instruction DFMA R16, R10, R16, 0.5 ; in function void geqr2_smem_domino_fast of type f64
#nixnan: error [NaN] detected in operand 0 of instruction DMUL R10, R18, R10 ; in function void geqr2_smem_domino_fast of type f64
#nixnan: error [NaN] detected in operand 1 of instruction DFMA R10, R16, R10, R18 ; in function void geqr2_smem_domino_fast of type f64
#nixnan: error [NaN] detected in operand 0 of instruction DFMA R10, R26, -R10, 1 ; in function void geqr2_smem_domino_fast of type f64
#nixnan: error [NaN] detected in operand 0 of instruction DMUL R10, R18, R18 ; in function void geqr2_smem_domino_fast of type f64
#nixnan: error [NaN] detected in operand 2 of instruction DFMA R10, R26, -R10, 1 ; in function void geqr2_smem_domino_fast of type f64
#nixnan: error [NaN] detected in operand 2 of instruction DFMA R10, R16, R10, R18 ; in function void geqr2_smem_domino_fast of type f64
#nixnan: error [NaN] detected in operand 0 of instruction DFMA R10, R16, R10, R18 ; in function void geqr2_smem_domino_fast of type f64
#nixnan: error [NaN] detected in operand 2 of instruction DMUL R24, R26, R10 ; in function void geqr2_smem_domino_fast of type f64
#nixnan: error [NaN] detected in operand 2 of instruction DFMA R20, R24, -R24, R26 ; in function void geqr2_smem_domino_fast of type f64
#nixnan: error [NaN] detected in operand 0 of instruction DMUL R24, R26, R10 ; in function void geqr2_smem_domino_fast of type f64
#nixnan: error [NaN] detected in operand 1 of instruction DFMA R20, R24, -R24, R26 ; in function void geqr2_smem_domino_fast of type f64
#nixnan: error [NaN] detected in operand 0 of instruction DFMA R20, R24, -R24, R26 ; in function void geqr2_smem_domino_fast of type f64
#nixnan: error [NaN] detected in operand 1 of instruction DFMA R8, R20, R16, R24 ; in function void geqr2_smem_domino_fast of type f64
#nixnan: error [NaN] detected in operand 3 of instruction DFMA R8, R20, R16, R24 ; in function void geqr2_smem_domino_fast of type f64
#nixnan: error [NaN] detected in operand 0 of instruction DFMA R8, R20, R16, R24 ; in function void geqr2_smem_domino_fast of type f64
#nixnan: error [NaN] detected in operand 3 of instruction DFMA R10, R16, R10, R18 ; in function void geqr2_smem_domino_fast of type f64
#nixnan: running kernel [void orgqr_step1_kernel] ...
#nixnan: running kernel [void cutlass::Kernel2] ...
#nixnan: running kernel [void larft_T_64_batch] ...
#nixnan: running kernel [void batch_eye_kernel] ...
#nixnan: running kernel [void lacpy_kernel] ...
#nixnan: running kernel [k_colscale] ...
#nixnan: running kernel [k_d2s] ...
#nixnan: running kernel [k_s2d] ...
#nixnan: running kernel [void gemv2N_kernel] ...
#nixnan: running kernel [xxtrf4_set_info_ker] ...
#nixnan: running kernel [void kernel] ...
#nixnan: running kernel [dtrsv_init] ...
#nixnan: running kernel [void trsv_ln_exec] ...
#nixnan: running kernel [dtrsv_init_up] ...
#nixnan: running kernel [void trsv_lt_exec] ...
#nixnan: running kernel [void iamax_kernel] ...
#nixnan: running kernel [void scal_kernel_val] ...
#nixnan: running kernel [k_scan_nonfinite] ...
#nixnan: running kernel [void axpy_kernel_val] ...
iter=0 dt_ms=4368.471 err=3.429e-05 exc=0
RESULT config=F32 n=256 kappa=3.00e+03 seed=0 status=converged niter=1 t_fact_ms=668.28 t_loop_ms=4369.71 t_per_iter_ms=4369.709 first_exc_iter=-1 first_exc_ms=-1.000
TOTAL config=F32 t_total_ms=5037.99 (= t_fact + t_loop)
#nixnan: Finalizing GPU context...

#nixnan: ------------ nixnan Report -----------

#nixnan: --- FP16 Operations ---
#nixnan: NaN:                    0 (0 repeats)
#nixnan: Infinity:               0 (0 repeats)
#nixnan: -Infinity:              0 (0 repeats)
#nixnan: Subnormal:              0 (0 repeats)
#nixnan: Division by 0:          0 (0 repeats)

#nixnan: --- BF16 Operations ---
#nixnan: NaN:                    0 (0 repeats)
#nixnan: Infinity:               0 (0 repeats)
#nixnan: -Infinity:              0 (0 repeats)
#nixnan: Subnormal:              0 (0 repeats)
#nixnan: Division by 0:          0 (0 repeats)

#nixnan: --- FP32 Operations ---
#nixnan: NaN:                    0 (0 repeats)
#nixnan: Infinity:               0 (0 repeats)
#nixnan: -Infinity:              0 (0 repeats)
#nixnan: Subnormal:              0 (0 repeats)
#nixnan: Division by 0:          0 (0 repeats)

#nixnan: --- FP64 Operations ---
#nixnan: NaN:                   22 (154 repeats)
#nixnan: Infinity:               1 (7 repeats)
#nixnan: -Infinity:              0 (0 repeats)
#nixnan: Subnormal:              0 (0 repeats)
#nixnan: Division by 0:          1 (8 repeats)

#nixnan: --- FP16 Memory  Operations ---
#nixnan: NaN:                    0 (0 repeats)
#nixnan: --- BF16 Memory  Operations ---
#nixnan: NaN:                    0 (0 repeats)
#nixnan: --- FP32 Memory  Operations ---
#nixnan: NaN:                    0 (0 repeats)
#nixnan: --- FP64 Memory  Operations ---
#nixnan: NaN:                    0 (0 repeats)
    ✓ EXCEPTION FOUND in F32 at κ=3000
  TF32 → phase8_logs/phase8_κ3000_TF32.log
------------- NVBit (NVidia Binary Instrumentation Tool v1.8) Loaded --------------
NVBit core environment variables (mostly for nvbit-devs):
ACK_CTX_INIT_LIMITATION = 0 - if set, no warning will be printed for nvbit_at_ctx_init()
            NVDISASM = nvdisasm - override default nvdisasm found in PATH
            NOBANNER = 0 - if set, does not print this banner
       NO_EAGER_LOAD = 1 - lazy module loading is now turned on by default. If you see deadlocks in your tool, set NO_EAGER_LOAD to 0
---------------------------------------------------------------------------------
         INSTR_BEGIN = 0 - Beginning of the instruction interval where to apply instrumentation
           INSTR_END = 4294967295 - End of the instruction interval where to apply instrumentation
        TOOL_VERBOSE = 0 - Enable verbosity inside the tool
   ENABLE_FUN_DETAIL = 0 - Enable detailed function information for kernel
     PRINT_ILL_INSTR = 0 - Print the instruction which caused the exception
            SAMPLING = 0 - Instrument a repeat kernel every SAMPLING times
           INSTR_MEM = 0 - Instrument memory instructions for NaN/Inf detection
           HISTOGRAM = 0 - Enable FP exponent histogramming
       BIN_SPEC_FILE =  - Specification for which exponent ranges to report. If the file does not exist, a template specification will be created.
For example:
{
    "count": 128,
    "doublings": 0,
    "bf16": [],
    "f16": [[0,5],[-4,-1]],
    "f32": [],
    "f64": []
}
will report every 128 occurrences of exponents in the ranges 0 to 5 and -4 to -1 for f16 numbers.

If `doublings=-N`, where `N` is positive, then each bucket will begin with a
size of `count`. When a bucket reaches the count threshold, it will double the
threshold and report. This doubling will continue until one bucket has been
doubled N times, then all buckets are reset to `count`.
             LOGFILE =  - Path to the optional log file. Default is to print to stderr. This is useful for the case when an instrumented program is capturing stderr.
           LINE_INFO = 1 - Disable debug information for source code locations. Having this enabled may cause crashes, so set this to 0 if you encounter issues.
#nixnan: ----------------------------------------------------------------------------------
WARNING: Do not call CUDA memory allocation in nvbit_at_ctx_init(). It will cause deadlocks. Do them in nvbit_tool_init(). If you encounter deadlocks, remove CUDA API calls to debug.
#nixnan: Initializing GPU context...
#nixnan: Could not open kernel_whitelist.txt!
#nixnan: Could not open kernel_blacklist.txt!
#nixnan: Instrumenting all kernels
#nixnan: running kernel [generate_seed_pseudo] ...
#nixnan: #nixnan: warning: Infinite immediate found in operand 3 of @P1 DFMA R44, R50, R44, +INF  ;
#nixnan: #nixnan: warning: Infinite immediate found in operand 3 of @P1 DFMA R44, R56, R44, +INF  ;
#nixnan: running kernel [void gen_sequenced_Philox] ...
#nixnan: running kernel [copy_info_kernel] ...
#nixnan: running kernel [void geqr2_smem_domino_fast] ...
#nixnan: error [div0] detected in operand 1 of instruction MUFU.RSQ64H R19, R27 ; in function void geqr2_smem_domino_fast of type f64
#nixnan: error [NaN] detected in operand 0 of instruction DMUL R10, R18, R18 ; in function void geqr2_smem_domino_fast of type f64
#nixnan: error [NaN] detected in operand 2 of instruction DMUL R10, R18, R18 ; in function void geqr2_smem_domino_fast of type f64
#nixnan: error [NaN] detected in operand 0 of instruction DFMA R16, R10, R16, 0.5 ; in function void geqr2_smem_domino_fast of type f64
#nixnan: error [NaN] detected in operand 1 of instruction DFMA R16, R10, R16, 0.5 ; in function void geqr2_smem_domino_fast of type f64
#nixnan: error [NaN] detected in operand 0 of instruction DFMA R10, R26, -R10, 1 ; in function void geqr2_smem_domino_fast of type f64
#nixnan: error [NaN] detected in operand 1 of instruction DMUL R10, R18, R10 ; in function void geqr2_smem_domino_fast of type f64
#nixnan: error [NaN] detected in operand 1 of instruction DMUL R10, R18, R18 ; in function void geqr2_smem_domino_fast of type f64
#nixnan: error [NaN] detected in operand 2 of instruction DMUL R10, R18, R10 ; in function void geqr2_smem_domino_fast of type f64
#nixnan: error [NaN] detected in operand 2 of instruction DFMA R10, R26, -R10, 1 ; in function void geqr2_smem_domino_fast of type f64
#nixnan: error [infinity] detected in operand 0 of instruction MUFU.RSQ64H R19, R27 ; in function void geqr2_smem_domino_fast of type f64
#nixnan: error [NaN] detected in operand 0 of instruction DMUL R10, R18, R10 ; in function void geqr2_smem_domino_fast of type f64
#nixnan: error [NaN] detected in operand 2 of instruction DFMA R10, R16, R10, R18 ; in function void geqr2_smem_domino_fast of type f64
#nixnan: error [NaN] detected in operand 3 of instruction DFMA R10, R16, R10, R18 ; in function void geqr2_smem_domino_fast of type f64
#nixnan: error [NaN] detected in operand 0 of instruction DFMA R10, R16, R10, R18 ; in function void geqr2_smem_domino_fast of type f64
#nixnan: error [NaN] detected in operand 2 of instruction DMUL R24, R26, R10 ; in function void geqr2_smem_domino_fast of type f64
#nixnan: error [NaN] detected in operand 1 of instruction DFMA R10, R16, R10, R18 ; in function void geqr2_smem_domino_fast of type f64
#nixnan: error [NaN] detected in operand 1 of instruction DFMA R20, R24, -R24, R26 ; in function void geqr2_smem_domino_fast of type f64
#nixnan: error [NaN] detected in operand 2 of instruction DFMA R20, R24, -R24, R26 ; in function void geqr2_smem_domino_fast of type f64
#nixnan: error [NaN] detected in operand 1 of instruction DFMA R8, R20, R16, R24 ; in function void geqr2_smem_domino_fast of type f64
#nixnan: error [NaN] detected in operand 0 of instruction DMUL R24, R26, R10 ; in function void geqr2_smem_domino_fast of type f64
#nixnan: error [NaN] detected in operand 0 of instruction DFMA R8, R20, R16, R24 ; in function void geqr2_smem_domino_fast of type f64
#nixnan: error [NaN] detected in operand 3 of instruction DFMA R8, R20, R16, R24 ; in function void geqr2_smem_domino_fast of type f64
#nixnan: error [NaN] detected in operand 0 of instruction DFMA R20, R24, -R24, R26 ; in function void geqr2_smem_domino_fast of type f64
#nixnan: running kernel [void orgqr_step1_kernel] ...
#nixnan: running kernel [void cutlass::Kernel2] ...
#nixnan: running kernel [void larft_T_64_batch] ...
#nixnan: running kernel [void batch_eye_kernel] ...
#nixnan: running kernel [void lacpy_kernel] ...
#nixnan: running kernel [k_colscale] ...
#nixnan: running kernel [k_d2s] ...
#nixnan: running kernel [k_s2d] ...
#nixnan: running kernel [void gemv2N_kernel] ...
#nixnan: running kernel [xxtrf4_set_info_ker] ...
#nixnan: running kernel [void kernel] ...
#nixnan: running kernel [dtrsv_init] ...
#nixnan: running kernel [void trsv_ln_exec] ...
#nixnan: running kernel [dtrsv_init_up] ...
#nixnan: running kernel [void trsv_lt_exec] ...
#nixnan: running kernel [void iamax_kernel] ...
#nixnan: running kernel [void scal_kernel_val] ...
#nixnan: running kernel [k_scan_nonfinite] ...
#nixnan: running kernel [void axpy_kernel_val] ...
iter=0 dt_ms=4376.001 err=3.429e-05 exc=0
RESULT config=TF32 n=256 kappa=3.00e+03 seed=0 status=converged niter=1 t_fact_ms=678.27 t_loop_ms=4377.25 t_per_iter_ms=4377.250 first_exc_iter=-1 first_exc_ms=-1.000
TOTAL config=TF32 t_total_ms=5055.52 (= t_fact + t_loop)
#nixnan: Finalizing GPU context...

#nixnan: ------------ nixnan Report -----------

#nixnan: --- FP16 Operations ---
#nixnan: NaN:                    0 (0 repeats)
#nixnan: Infinity:               0 (0 repeats)
#nixnan: -Infinity:              0 (0 repeats)
#nixnan: Subnormal:              0 (0 repeats)
#nixnan: Division by 0:          0 (0 repeats)

#nixnan: --- BF16 Operations ---
#nixnan: NaN:                    0 (0 repeats)
#nixnan: Infinity:               0 (0 repeats)
#nixnan: -Infinity:              0 (0 repeats)
#nixnan: Subnormal:              0 (0 repeats)
#nixnan: Division by 0:          0 (0 repeats)

#nixnan: --- FP32 Operations ---
#nixnan: NaN:                    0 (0 repeats)
#nixnan: Infinity:               0 (0 repeats)
#nixnan: -Infinity:              0 (0 repeats)
#nixnan: Subnormal:              0 (0 repeats)
#nixnan: Division by 0:          0 (0 repeats)

#nixnan: --- FP64 Operations ---
#nixnan: NaN:                   22 (154 repeats)
#nixnan: Infinity:               1 (7 repeats)
#nixnan: -Infinity:              0 (0 repeats)
#nixnan: Subnormal:              0 (0 repeats)
#nixnan: Division by 0:          1 (8 repeats)

#nixnan: --- FP16 Memory  Operations ---
#nixnan: NaN:                    0 (0 repeats)
#nixnan: --- BF16 Memory  Operations ---
#nixnan: NaN:                    0 (0 repeats)
#nixnan: --- FP32 Memory  Operations ---
#nixnan: NaN:                    0 (0 repeats)
#nixnan: --- FP64 Memory  Operations ---
#nixnan: NaN:                    0 (0 repeats)
    ✓ EXCEPTION FOUND in TF32 at κ=3000
  F16 → phase8_logs/phase8_κ3000_F16.log
------------- NVBit (NVidia Binary Instrumentation Tool v1.8) Loaded --------------
NVBit core environment variables (mostly for nvbit-devs):
ACK_CTX_INIT_LIMITATION = 0 - if set, no warning will be printed for nvbit_at_ctx_init()
            NVDISASM = nvdisasm - override default nvdisasm found in PATH
            NOBANNER = 0 - if set, does not print this banner
       NO_EAGER_LOAD = 1 - lazy module loading is now turned on by default. If you see deadlocks in your tool, set NO_EAGER_LOAD to 0
---------------------------------------------------------------------------------
         INSTR_BEGIN = 0 - Beginning of the instruction interval where to apply instrumentation
           INSTR_END = 4294967295 - End of the instruction interval where to apply instrumentation
        TOOL_VERBOSE = 0 - Enable verbosity inside the tool
   ENABLE_FUN_DETAIL = 0 - Enable detailed function information for kernel
     PRINT_ILL_INSTR = 0 - Print the instruction which caused the exception
            SAMPLING = 0 - Instrument a repeat kernel every SAMPLING times
           INSTR_MEM = 0 - Instrument memory instructions for NaN/Inf detection
           HISTOGRAM = 0 - Enable FP exponent histogramming
       BIN_SPEC_FILE =  - Specification for which exponent ranges to report. If the file does not exist, a template specification will be created.
For example:
{
    "count": 128,
    "doublings": 0,
    "bf16": [],
    "f16": [[0,5],[-4,-1]],
    "f32": [],
    "f64": []
}
will report every 128 occurrences of exponents in the ranges 0 to 5 and -4 to -1 for f16 numbers.

If `doublings=-N`, where `N` is positive, then each bucket will begin with a
size of `count`. When a bucket reaches the count threshold, it will double the
threshold and report. This doubling will continue until one bucket has been
doubled N times, then all buckets are reset to `count`.
             LOGFILE =  - Path to the optional log file. Default is to print to stderr. This is useful for the case when an instrumented program is capturing stderr.
           LINE_INFO = 1 - Disable debug information for source code locations. Having this enabled may cause crashes, so set this to 0 if you encounter issues.
#nixnan: ----------------------------------------------------------------------------------
WARNING: Do not call CUDA memory allocation in nvbit_at_ctx_init(). It will cause deadlocks. Do them in nvbit_tool_init(). If you encounter deadlocks, remove CUDA API calls to debug.
#nixnan: Initializing GPU context...
#nixnan: Could not open kernel_whitelist.txt!
#nixnan: Could not open kernel_blacklist.txt!
#nixnan: Instrumenting all kernels
#nixnan: running kernel [generate_seed_pseudo] ...
#nixnan: #nixnan: warning: Infinite immediate found in operand 3 of @P1 DFMA R44, R50, R44, +INF  ;
#nixnan: #nixnan: warning: Infinite immediate found in operand 3 of @P1 DFMA R44, R56, R44, +INF  ;
#nixnan: running kernel [void gen_sequenced_Philox] ...
#nixnan: running kernel [copy_info_kernel] ...
#nixnan: running kernel [void geqr2_smem_domino_fast] ...
#nixnan: error [div0] detected in operand 1 of instruction MUFU.RSQ64H R19, R27 ; in function void geqr2_smem_domino_fast of type f64
#nixnan: error [NaN] detected in operand 2 of instruction DMUL R10, R18, R18 ; in function void geqr2_smem_domino_fast of type f64
#nixnan: error [NaN] detected in operand 1 of instruction DFMA R16, R10, R16, 0.5 ; in function void geqr2_smem_domino_fast of type f64
#nixnan: error [NaN] detected in operand 0 of instruction DFMA R16, R10, R16, 0.5 ; in function void geqr2_smem_domino_fast of type f64
#nixnan: error [NaN] detected in operand 0 of instruction DFMA R10, R26, -R10, 1 ; in function void geqr2_smem_domino_fast of type f64
#nixnan: error [NaN] detected in operand 2 of instruction DFMA R10, R26, -R10, 1 ; in function void geqr2_smem_domino_fast of type f64
#nixnan: error [NaN] detected in operand 1 of instruction DMUL R10, R18, R18 ; in function void geqr2_smem_domino_fast of type f64
#nixnan: error [NaN] detected in operand 0 of instruction DMUL R10, R18, R18 ; in function void geqr2_smem_domino_fast of type f64
#nixnan: error [infinity] detected in operand 0 of instruction MUFU.RSQ64H R19, R27 ; in function void geqr2_smem_domino_fast of type f64
#nixnan: error [NaN] detected in operand 0 of instruction DMUL R10, R18, R10 ; in function void geqr2_smem_domino_fast of type f64
#nixnan: error [NaN] detected in operand 2 of instruction DMUL R10, R18, R10 ; in function void geqr2_smem_domino_fast of type f64
#nixnan: error [NaN] detected in operand 1 of instruction DMUL R10, R18, R10 ; in function void geqr2_smem_domino_fast of type f64
#nixnan: error [NaN] detected in operand 2 of instruction DFMA R10, R16, R10, R18 ; in function void geqr2_smem_domino_fast of type f64
#nixnan: error [NaN] detected in operand 3 of instruction DFMA R10, R16, R10, R18 ; in function void geqr2_smem_domino_fast of type f64
#nixnan: error [NaN] detected in operand 0 of instruction DFMA R10, R16, R10, R18 ; in function void geqr2_smem_domino_fast of type f64
#nixnan: error [NaN] detected in operand 1 of instruction DFMA R10, R16, R10, R18 ; in function void geqr2_smem_domino_fast of type f64
#nixnan: error [NaN] detected in operand 0 of instruction DMUL R24, R26, R10 ; in function void geqr2_smem_domino_fast of type f64
#nixnan: error [NaN] detected in operand 2 of instruction DFMA R20, R24, -R24, R26 ; in function void geqr2_smem_domino_fast of type f64
#nixnan: error [NaN] detected in operand 2 of instruction DMUL R24, R26, R10 ; in function void geqr2_smem_domino_fast of type f64
#nixnan: error [NaN] detected in operand 1 of instruction DFMA R20, R24, -R24, R26 ; in function void geqr2_smem_domino_fast of type f64
#nixnan: error [NaN] detected in operand 0 of instruction DFMA R20, R24, -R24, R26 ; in function void geqr2_smem_domino_fast of type f64
#nixnan: error [NaN] detected in operand 3 of instruction DFMA R8, R20, R16, R24 ; in function void geqr2_smem_domino_fast of type f64
#nixnan: error [NaN] detected in operand 1 of instruction DFMA R8, R20, R16, R24 ; in function void geqr2_smem_domino_fast of type f64
#nixnan: error [NaN] detected in operand 0 of instruction DFMA R8, R20, R16, R24 ; in function void geqr2_smem_domino_fast of type f64
#nixnan: running kernel [void orgqr_step1_kernel] ...
#nixnan: running kernel [void cutlass::Kernel2] ...
#nixnan: running kernel [void larft_T_64_batch] ...
#nixnan: running kernel [void batch_eye_kernel] ...
#nixnan: running kernel [void lacpy_kernel] ...
#nixnan: running kernel [k_colscale] ...
#nixnan: running kernel [k_d2s] ...
#nixnan: running kernel [k_s2d] ...
#nixnan: running kernel [void gemv2N_kernel] ...
#nixnan: running kernel [xxtrf4_set_info_ker] ...
#nixnan: running kernel [void kernel] ...
#nixnan: running kernel [dtrsv_init] ...
#nixnan: running kernel [void trsv_ln_exec] ...
#nixnan: running kernel [dtrsv_init_up] ...
#nixnan: running kernel [void trsv_lt_exec] ...
#nixnan: running kernel [void iamax_kernel] ...
#nixnan: running kernel [k_round16_sub] ...
#nixnan: running kernel [void scal_kernel_val] ...
#nixnan: running kernel [k_round16_vec] ...
#nixnan: running kernel [k_scan_nonfinite] ...
#nixnan: running kernel [void axpy_kernel_val] ...
iter=0 dt_ms=4360.111 err=6.763e-02 exc=0
iter=1 dt_ms=105.133 err=1.736e-03 exc=0
iter=2 dt_ms=105.263 err=1.039e-04 exc=0
iter=3 dt_ms=104.905 err=6.977e-06 exc=0
RESULT config=F16 n=256 kappa=3.00e+03 seed=0 status=converged niter=4 t_fact_ms=942.71 t_loop_ms=4676.81 t_per_iter_ms=1169.204 first_exc_iter=-1 first_exc_ms=-1.000
TOTAL config=F16 t_total_ms=5619.53 (= t_fact + t_loop)
#nixnan: Finalizing GPU context...

#nixnan: ------------ nixnan Report -----------

#nixnan: --- FP16 Operations ---
#nixnan: NaN:                    0 (0 repeats)
#nixnan: Infinity:               0 (0 repeats)
#nixnan: -Infinity:              0 (0 repeats)
#nixnan: Subnormal:              0 (0 repeats)
#nixnan: Division by 0:          0 (0 repeats)

#nixnan: --- BF16 Operations ---
#nixnan: NaN:                    0 (0 repeats)
#nixnan: Infinity:               0 (0 repeats)
#nixnan: -Infinity:              0 (0 repeats)
#nixnan: Subnormal:              0 (0 repeats)
#nixnan: Division by 0:          0 (0 repeats)

#nixnan: --- FP32 Operations ---
#nixnan: NaN:                    0 (0 repeats)
#nixnan: Infinity:               0 (0 repeats)
#nixnan: -Infinity:              0 (0 repeats)
#nixnan: Subnormal:              0 (0 repeats)
#nixnan: Division by 0:          0 (0 repeats)

#nixnan: --- FP64 Operations ---
#nixnan: NaN:                   22 (154 repeats)
#nixnan: Infinity:               1 (7 repeats)
#nixnan: -Infinity:              0 (0 repeats)
#nixnan: Subnormal:              0 (0 repeats)
#nixnan: Division by 0:          1 (8 repeats)

#nixnan: --- FP16 Memory  Operations ---
#nixnan: NaN:                    0 (0 repeats)
#nixnan: --- BF16 Memory  Operations ---
#nixnan: NaN:                    0 (0 repeats)
#nixnan: --- FP32 Memory  Operations ---
#nixnan: NaN:                    0 (0 repeats)
#nixnan: --- FP64 Memory  Operations ---
#nixnan: NaN:                    0 (0 repeats)
    ✓ EXCEPTION FOUND in F16 at κ=3000
  B16T → phase8_logs/phase8_κ3000_B16T.log
------------- NVBit (NVidia Binary Instrumentation Tool v1.8) Loaded --------------
NVBit core environment variables (mostly for nvbit-devs):
ACK_CTX_INIT_LIMITATION = 0 - if set, no warning will be printed for nvbit_at_ctx_init()
            NVDISASM = nvdisasm - override default nvdisasm found in PATH
            NOBANNER = 0 - if set, does not print this banner
       NO_EAGER_LOAD = 1 - lazy module loading is now turned on by default. If you see deadlocks in your tool, set NO_EAGER_LOAD to 0
---------------------------------------------------------------------------------
         INSTR_BEGIN = 0 - Beginning of the instruction interval where to apply instrumentation
           INSTR_END = 4294967295 - End of the instruction interval where to apply instrumentation
        TOOL_VERBOSE = 0 - Enable verbosity inside the tool
   ENABLE_FUN_DETAIL = 0 - Enable detailed function information for kernel
     PRINT_ILL_INSTR = 0 - Print the instruction which caused the exception
            SAMPLING = 0 - Instrument a repeat kernel every SAMPLING times
           INSTR_MEM = 0 - Instrument memory instructions for NaN/Inf detection
           HISTOGRAM = 0 - Enable FP exponent histogramming
       BIN_SPEC_FILE =  - Specification for which exponent ranges to report. If the file does not exist, a template specification will be created.
For example:
{
    "count": 128,
    "doublings": 0,
    "bf16": [],
    "f16": [[0,5],[-4,-1]],
    "f32": [],
    "f64": []
}
will report every 128 occurrences of exponents in the ranges 0 to 5 and -4 to -1 for f16 numbers.

If `doublings=-N`, where `N` is positive, then each bucket will begin with a
size of `count`. When a bucket reaches the count threshold, it will double the
threshold and report. This doubling will continue until one bucket has been
doubled N times, then all buckets are reset to `count`.
             LOGFILE =  - Path to the optional log file. Default is to print to stderr. This is useful for the case when an instrumented program is capturing stderr.
           LINE_INFO = 1 - Disable debug information for source code locations. Having this enabled may cause crashes, so set this to 0 if you encounter issues.
#nixnan: ----------------------------------------------------------------------------------
WARNING: Do not call CUDA memory allocation in nvbit_at_ctx_init(). It will cause deadlocks. Do them in nvbit_tool_init(). If you encounter deadlocks, remove CUDA API calls to debug.
#nixnan: Initializing GPU context...
#nixnan: Could not open kernel_whitelist.txt!
#nixnan: Could not open kernel_blacklist.txt!
#nixnan: Instrumenting all kernels
#nixnan: running kernel [generate_seed_pseudo] ...
#nixnan: #nixnan: warning: Infinite immediate found in operand 3 of @P1 DFMA R44, R50, R44, +INF  ;
#nixnan: #nixnan: warning: Infinite immediate found in operand 3 of @P1 DFMA R44, R56, R44, +INF  ;
#nixnan: running kernel [void gen_sequenced_Philox] ...
#nixnan: running kernel [copy_info_kernel] ...
#nixnan: running kernel [void geqr2_smem_domino_fast] ...
#nixnan: error [div0] detected in operand 1 of instruction MUFU.RSQ64H R19, R27 ; in function void geqr2_smem_domino_fast of type f64
#nixnan: error [infinity] detected in operand 0 of instruction MUFU.RSQ64H R19, R27 ; in function void geqr2_smem_domino_fast of type f64
#nixnan: error [NaN] detected in operand 0 of instruction DFMA R10, R26, -R10, 1 ; in function void geqr2_smem_domino_fast of type f64
#nixnan: error [NaN] detected in operand 1 of instruction DFMA R16, R10, R16, 0.5 ; in function void geqr2_smem_domino_fast of type f64
#nixnan: error [NaN] detected in operand 1 of instruction DMUL R10, R18, R18 ; in function void geqr2_smem_domino_fast of type f64
#nixnan: error [NaN] detected in operand 2 of instruction DFMA R10, R26, -R10, 1 ; in function void geqr2_smem_domino_fast of type f64
#nixnan: error [NaN] detected in operand 0 of instruction DFMA R16, R10, R16, 0.5 ; in function void geqr2_smem_domino_fast of type f64
#nixnan: error [NaN] detected in operand 0 of instruction DMUL R10, R18, R18 ; in function void geqr2_smem_domino_fast of type f64
#nixnan: error [NaN] detected in operand 2 of instruction DMUL R10, R18, R18 ; in function void geqr2_smem_domino_fast of type f64
#nixnan: error [NaN] detected in operand 2 of instruction DMUL R10, R18, R10 ; in function void geqr2_smem_domino_fast of type f64
#nixnan: error [NaN] detected in operand 0 of instruction DMUL R10, R18, R10 ; in function void geqr2_smem_domino_fast of type f64
#nixnan: error [NaN] detected in operand 1 of instruction DMUL R10, R18, R10 ; in function void geqr2_smem_domino_fast of type f64
#nixnan: error [NaN] detected in operand 1 of instruction DFMA R10, R16, R10, R18 ; in function void geqr2_smem_domino_fast of type f64
#nixnan: error [NaN] detected in operand 2 of instruction DFMA R10, R16, R10, R18 ; in function void geqr2_smem_domino_fast of type f64
#nixnan: error [NaN] detected in operand 3 of instruction DFMA R10, R16, R10, R18 ; in function void geqr2_smem_domino_fast of type f64
#nixnan: error [NaN] detected in operand 0 of instruction DMUL R24, R26, R10 ; in function void geqr2_smem_domino_fast of type f64
#nixnan: error [NaN] detected in operand 0 of instruction DFMA R10, R16, R10, R18 ; in function void geqr2_smem_domino_fast of type f64
#nixnan: error [NaN] detected in operand 1 of instruction DFMA R20, R24, -R24, R26 ; in function void geqr2_smem_domino_fast of type f64
#nixnan: error [NaN] detected in operand 0 of instruction DFMA R20, R24, -R24, R26 ; in function void geqr2_smem_domino_fast of type f64
#nixnan: error [NaN] detected in operand 2 of instruction DFMA R20, R24, -R24, R26 ; in function void geqr2_smem_domino_fast of type f64
#nixnan: error [NaN] detected in operand 2 of instruction DMUL R24, R26, R10 ; in function void geqr2_smem_domino_fast of type f64
#nixnan: error [NaN] detected in operand 0 of instruction DFMA R8, R20, R16, R24 ; in function void geqr2_smem_domino_fast of type f64
#nixnan: error [NaN] detected in operand 3 of instruction DFMA R8, R20, R16, R24 ; in function void geqr2_smem_domino_fast of type f64
#nixnan: error [NaN] detected in operand 1 of instruction DFMA R8, R20, R16, R24 ; in function void geqr2_smem_domino_fast of type f64
#nixnan: running kernel [void orgqr_step1_kernel] ...
#nixnan: running kernel [void cutlass::Kernel2] ...
#nixnan: running kernel [void larft_T_64_batch] ...
#nixnan: running kernel [void batch_eye_kernel] ...
#nixnan: running kernel [void lacpy_kernel] ...
#nixnan: running kernel [k_colscale] ...
#nixnan: running kernel [k_d2s] ...
#nixnan: running kernel [k_s2d] ...
#nixnan: running kernel [void gemv2N_kernel] ...
#nixnan: running kernel [xxtrf4_set_info_ker] ...
#nixnan: running kernel [void kernel] ...
#nixnan: running kernel [dtrsv_init] ...
#nixnan: running kernel [void trsv_ln_exec] ...
#nixnan: running kernel [dtrsv_init_up] ...
#nixnan: running kernel [void trsv_lt_exec] ...
#nixnan: running kernel [void iamax_kernel] ...
#nixnan: running kernel [k_round16_sub] ...
#nixnan: running kernel [void scal_kernel_val] ...
#nixnan: running kernel [k_round16_vec] ...
#nixnan: running kernel [k_scan_nonfinite] ...
#nixnan: running kernel [void axpy_kernel_val] ...
iter=0 dt_ms=4346.402 err=7.739e-01 exc=0
iter=1 dt_ms=109.657 err=1.874e+00 exc=0
iter=2 dt_ms=109.641 err=5.840e+00 exc=0
RESULT config=B16T n=256 kappa=3.00e+03 seed=0 status=fail niter=-1 t_fact_ms=944.71 t_loop_ms=4566.93 t_per_iter_ms=1522.311 first_exc_iter=-1 first_exc_ms=-1.000
TOTAL config=B16T t_total_ms=5511.64 (= t_fact + t_loop)
#nixnan: Finalizing GPU context...

#nixnan: ------------ nixnan Report -----------

#nixnan: --- FP16 Operations ---
#nixnan: NaN:                    0 (0 repeats)
#nixnan: Infinity:               0 (0 repeats)
#nixnan: -Infinity:              0 (0 repeats)
#nixnan: Subnormal:              0 (0 repeats)
#nixnan: Division by 0:          0 (0 repeats)

#nixnan: --- BF16 Operations ---
#nixnan: NaN:                    0 (0 repeats)
#nixnan: Infinity:               0 (0 repeats)
#nixnan: -Infinity:              0 (0 repeats)
#nixnan: Subnormal:              0 (0 repeats)
#nixnan: Division by 0:          0 (0 repeats)

#nixnan: --- FP32 Operations ---
#nixnan: NaN:                    0 (0 repeats)
#nixnan: Infinity:               0 (0 repeats)
#nixnan: -Infinity:              0 (0 repeats)
#nixnan: Subnormal:              0 (0 repeats)
#nixnan: Division by 0:          0 (0 repeats)

#nixnan: --- FP64 Operations ---
#nixnan: NaN:                   22 (154 repeats)
#nixnan: Infinity:               1 (7 repeats)
#nixnan: -Infinity:              0 (0 repeats)
#nixnan: Subnormal:              0 (0 repeats)
#nixnan: Division by 0:          1 (8 repeats)

#nixnan: --- FP16 Memory  Operations ---
#nixnan: NaN:                    0 (0 repeats)
#nixnan: --- BF16 Memory  Operations ---
#nixnan: NaN:                    0 (0 repeats)
#nixnan: --- FP32 Memory  Operations ---
#nixnan: NaN:                    0 (0 repeats)
#nixnan: --- FP64 Memory  Operations ---
#nixnan: NaN:                    0 (0 repeats)
    ✓ EXCEPTION FOUND in B16T at κ=3000
  B16S → phase8_logs/phase8_κ3000_B16S.log
------------- NVBit (NVidia Binary Instrumentation Tool v1.8) Loaded --------------
NVBit core environment variables (mostly for nvbit-devs):
ACK_CTX_INIT_LIMITATION = 0 - if set, no warning will be printed for nvbit_at_ctx_init()
            NVDISASM = nvdisasm - override default nvdisasm found in PATH
            NOBANNER = 0 - if set, does not print this banner
       NO_EAGER_LOAD = 1 - lazy module loading is now turned on by default. If you see deadlocks in your tool, set NO_EAGER_LOAD to 0
---------------------------------------------------------------------------------
         INSTR_BEGIN = 0 - Beginning of the instruction interval where to apply instrumentation
           INSTR_END = 4294967295 - End of the instruction interval where to apply instrumentation
        TOOL_VERBOSE = 0 - Enable verbosity inside the tool
   ENABLE_FUN_DETAIL = 0 - Enable detailed function information for kernel
     PRINT_ILL_INSTR = 0 - Print the instruction which caused the exception
            SAMPLING = 0 - Instrument a repeat kernel every SAMPLING times
           INSTR_MEM = 0 - Instrument memory instructions for NaN/Inf detection
           HISTOGRAM = 0 - Enable FP exponent histogramming
       BIN_SPEC_FILE =  - Specification for which exponent ranges to report. If the file does not exist, a template specification will be created.
For example:
{
    "count": 128,
    "doublings": 0,
    "bf16": [],
    "f16": [[0,5],[-4,-1]],
    "f32": [],
    "f64": []
}
will report every 128 occurrences of exponents in the ranges 0 to 5 and -4 to -1 for f16 numbers.

If `doublings=-N`, where `N` is positive, then each bucket will begin with a
size of `count`. When a bucket reaches the count threshold, it will double the
threshold and report. This doubling will continue until one bucket has been
doubled N times, then all buckets are reset to `count`.
             LOGFILE =  - Path to the optional log file. Default is to print to stderr. This is useful for the case when an instrumented program is capturing stderr.
           LINE_INFO = 1 - Disable debug information for source code locations. Having this enabled may cause crashes, so set this to 0 if you encounter issues.
#nixnan: ----------------------------------------------------------------------------------
WARNING: Do not call CUDA memory allocation in nvbit_at_ctx_init(). It will cause deadlocks. Do them in nvbit_tool_init(). If you encounter deadlocks, remove CUDA API calls to debug.
#nixnan: Initializing GPU context...
#nixnan: Could not open kernel_whitelist.txt!
#nixnan: Could not open kernel_blacklist.txt!
#nixnan: Instrumenting all kernels
#nixnan: running kernel [generate_seed_pseudo] ...
#nixnan: #nixnan: warning: Infinite immediate found in operand 3 of @P1 DFMA R44, R50, R44, +INF  ;
#nixnan: #nixnan: warning: Infinite immediate found in operand 3 of @P1 DFMA R44, R56, R44, +INF  ;
#nixnan: running kernel [void gen_sequenced_Philox] ...
#nixnan: running kernel [copy_info_kernel] ...
#nixnan: running kernel [void geqr2_smem_domino_fast] ...
#nixnan: error [div0] detected in operand 1 of instruction MUFU.RSQ64H R19, R27 ; in function void geqr2_smem_domino_fast of type f64
#nixnan: error [NaN] detected in operand 2 of instruction DMUL R10, R18, R18 ; in function void geqr2_smem_domino_fast of type f64
#nixnan: error [NaN] detected in operand 1 of instruction DFMA R16, R10, R16, 0.5 ; in function void geqr2_smem_domino_fast of type f64
#nixnan: error [NaN] detected in operand 2 of instruction DFMA R10, R26, -R10, 1 ; in function void geqr2_smem_domino_fast of type f64
#nixnan: error [NaN] detected in operand 0 of instruction DFMA R10, R26, -R10, 1 ; in function void geqr2_smem_domino_fast of type f64
#nixnan: error [NaN] detected in operand 0 of instruction DMUL R10, R18, R18 ; in function void geqr2_smem_domino_fast of type f64
#nixnan: error [NaN] detected in operand 0 of instruction DFMA R16, R10, R16, 0.5 ; in function void geqr2_smem_domino_fast of type f64
#nixnan: error [NaN] detected in operand 1 of instruction DMUL R10, R18, R10 ; in function void geqr2_smem_domino_fast of type f64
#nixnan: error [infinity] detected in operand 0 of instruction MUFU.RSQ64H R19, R27 ; in function void geqr2_smem_domino_fast of type f64
#nixnan: error [NaN] detected in operand 2 of instruction DMUL R10, R18, R10 ; in function void geqr2_smem_domino_fast of type f64
#nixnan: error [NaN] detected in operand 1 of instruction DMUL R10, R18, R18 ; in function void geqr2_smem_domino_fast of type f64
#nixnan: error [NaN] detected in operand 3 of instruction DFMA R10, R16, R10, R18 ; in function void geqr2_smem_domino_fast of type f64
#nixnan: error [NaN] detected in operand 1 of instruction DFMA R10, R16, R10, R18 ; in function void geqr2_smem_domino_fast of type f64
#nixnan: error [NaN] detected in operand 0 of instruction DFMA R10, R16, R10, R18 ; in function void geqr2_smem_domino_fast of type f64
#nixnan: error [NaN] detected in operand 2 of instruction DFMA R10, R16, R10, R18 ; in function void geqr2_smem_domino_fast of type f64
#nixnan: error [NaN] detected in operand 0 of instruction DMUL R10, R18, R10 ; in function void geqr2_smem_domino_fast of type f64
#nixnan: error [NaN] detected in operand 2 of instruction DMUL R24, R26, R10 ; in function void geqr2_smem_domino_fast of type f64
#nixnan: error [NaN] detected in operand 0 of instruction DMUL R24, R26, R10 ; in function void geqr2_smem_domino_fast of type f64
#nixnan: error [NaN] detected in operand 2 of instruction DFMA R20, R24, -R24, R26 ; in function void geqr2_smem_domino_fast of type f64
#nixnan: error [NaN] detected in operand 1 of instruction DFMA R8, R20, R16, R24 ; in function void geqr2_smem_domino_fast of type f64
#nixnan: error [NaN] detected in operand 1 of instruction DFMA R20, R24, -R24, R26 ; in function void geqr2_smem_domino_fast of type f64
#nixnan: error [NaN] detected in operand 0 of instruction DFMA R20, R24, -R24, R26 ; in function void geqr2_smem_domino_fast of type f64
#nixnan: error [NaN] detected in operand 0 of instruction DFMA R8, R20, R16, R24 ; in function void geqr2_smem_domino_fast of type f64
#nixnan: error [NaN] detected in operand 3 of instruction DFMA R8, R20, R16, R24 ; in function void geqr2_smem_domino_fast of type f64
#nixnan: running kernel [void orgqr_step1_kernel] ...
#nixnan: running kernel [void cutlass::Kernel2] ...
#nixnan: running kernel [void larft_T_64_batch] ...
#nixnan: running kernel [void batch_eye_kernel] ...
#nixnan: running kernel [void lacpy_kernel] ...
#nixnan: running kernel [k_colscale] ...
#nixnan: running kernel [k_d2s] ...
#nixnan: running kernel [k_s2d] ...
#nixnan: running kernel [void gemv2N_kernel] ...
#nixnan: running kernel [xxtrf4_set_info_ker] ...
#nixnan: running kernel [void kernel] ...
#nixnan: running kernel [dtrsv_init] ...
#nixnan: running kernel [void trsv_ln_exec] ...
#nixnan: running kernel [dtrsv_init_up] ...
#nixnan: running kernel [void trsv_lt_exec] ...
#nixnan: running kernel [void iamax_kernel] ...
#nixnan: running kernel [k_s2bf] ...
#nixnan: running kernel [k_bfpanel2s] ...
#nixnan: running kernel [k_spanel2bf] ...
#nixnan: running kernel [void scal_kernel_val] ...
#nixnan: warning: NaN immediate found in operand 1 of MUFU.RSQ R12, -QNAN  ;
#nixnan: running kernel [k_bf_trsv] ...
#nixnan: running kernel [k_bf2s] ...
#nixnan: running kernel [k_scan_nonfinite] ...
#nixnan: running kernel [void axpy_kernel_val] ...
iter=0 dt_ms=4389.239 err=3.072e+00 exc=0
iter=1 dt_ms=136.669 err=3.861e+00 exc=0
iter=2 dt_ms=136.635 err=1.013e+01 exc=0
RESULT config=B16S n=256 kappa=3.00e+03 seed=0 status=fail niter=-1 t_fact_ms=1468.49 t_loop_ms=4663.69 t_per_iter_ms=1554.563 first_exc_iter=-1 first_exc_ms=-1.000
TOTAL config=B16S t_total_ms=6132.18 (= t_fact + t_loop)
#nixnan: Finalizing GPU context...

#nixnan: ------------ nixnan Report -----------

#nixnan: --- FP16 Operations ---
#nixnan: NaN:                    0 (0 repeats)
#nixnan: Infinity:               0 (0 repeats)
#nixnan: -Infinity:              0 (0 repeats)
#nixnan: Subnormal:              0 (0 repeats)
#nixnan: Division by 0:          0 (0 repeats)

#nixnan: --- BF16 Operations ---
#nixnan: NaN:                    0 (0 repeats)
#nixnan: Infinity:               0 (0 repeats)
#nixnan: -Infinity:              0 (0 repeats)
#nixnan: Subnormal:              0 (0 repeats)
#nixnan: Division by 0:          0 (0 repeats)

#nixnan: --- FP32 Operations ---
#nixnan: NaN:                    0 (0 repeats)
#nixnan: Infinity:               0 (0 repeats)
#nixnan: -Infinity:              0 (0 repeats)
#nixnan: Subnormal:              0 (0 repeats)
#nixnan: Division by 0:          0 (0 repeats)

#nixnan: --- FP64 Operations ---
#nixnan: NaN:                   22 (154 repeats)
#nixnan: Infinity:               1 (7 repeats)
#nixnan: -Infinity:              0 (0 repeats)
#nixnan: Subnormal:              0 (0 repeats)
#nixnan: Division by 0:          1 (8 repeats)

#nixnan: --- FP16 Memory  Operations ---
#nixnan: NaN:                    0 (0 repeats)
#nixnan: --- BF16 Memory  Operations ---
#nixnan: NaN:                    0 (0 repeats)
#nixnan: --- FP32 Memory  Operations ---
#nixnan: NaN:                    0 (0 repeats)
#nixnan: --- FP64 Memory  Operations ---
#nixnan: NaN:                    0 (0 repeats)
    ✓ EXCEPTION FOUND in B16S at κ=3000

Testing κ=5000...
  F64 → phase8_logs/phase8_κ5000_F64.log
------------- NVBit (NVidia Binary Instrumentation Tool v1.8) Loaded --------------
NVBit core environment variables (mostly for nvbit-devs):
ACK_CTX_INIT_LIMITATION = 0 - if set, no warning will be printed for nvbit_at_ctx_init()
            NVDISASM = nvdisasm - override default nvdisasm found in PATH
            NOBANNER = 0 - if set, does not print this banner
       NO_EAGER_LOAD = 1 - lazy module loading is now turned on by default. If you see deadlocks in your tool, set NO_EAGER_LOAD to 0
---------------------------------------------------------------------------------
         INSTR_BEGIN = 0 - Beginning of the instruction interval where to apply instrumentation
           INSTR_END = 4294967295 - End of the instruction interval where to apply instrumentation
        TOOL_VERBOSE = 0 - Enable verbosity inside the tool
   ENABLE_FUN_DETAIL = 0 - Enable detailed function information for kernel
     PRINT_ILL_INSTR = 0 - Print the instruction which caused the exception
            SAMPLING = 0 - Instrument a repeat kernel every SAMPLING times
           INSTR_MEM = 0 - Instrument memory instructions for NaN/Inf detection
           HISTOGRAM = 0 - Enable FP exponent histogramming
       BIN_SPEC_FILE =  - Specification for which exponent ranges to report. If the file does not exist, a template specification will be created.
For example:
{
    "count": 128,
    "doublings": 0,
    "bf16": [],
    "f16": [[0,5],[-4,-1]],
    "f32": [],
    "f64": []
}
will report every 128 occurrences of exponents in the ranges 0 to 5 and -4 to -1 for f16 numbers.

If `doublings=-N`, where `N` is positive, then each bucket will begin with a
size of `count`. When a bucket reaches the count threshold, it will double the
threshold and report. This doubling will continue until one bucket has been
doubled N times, then all buckets are reset to `count`.
             LOGFILE =  - Path to the optional log file. Default is to print to stderr. This is useful for the case when an instrumented program is capturing stderr.
           LINE_INFO = 1 - Disable debug information for source code locations. Having this enabled may cause crashes, so set this to 0 if you encounter issues.
#nixnan: ----------------------------------------------------------------------------------
WARNING: Do not call CUDA memory allocation in nvbit_at_ctx_init(). It will cause deadlocks. Do them in nvbit_tool_init(). If you encounter deadlocks, remove CUDA API calls to debug.
#nixnan: Initializing GPU context...
#nixnan: Could not open kernel_whitelist.txt!
#nixnan: Could not open kernel_blacklist.txt!
#nixnan: Instrumenting all kernels
#nixnan: running kernel [generate_seed_pseudo] ...
#nixnan: #nixnan: warning: Infinite immediate found in operand 3 of @P1 DFMA R44, R50, R44, +INF  ;
#nixnan: #nixnan: warning: Infinite immediate found in operand 3 of @P1 DFMA R44, R56, R44, +INF  ;
#nixnan: running kernel [void gen_sequenced_Philox] ...
#nixnan: running kernel [copy_info_kernel] ...
#nixnan: running kernel [void geqr2_smem_domino_fast] ...
#nixnan: error [div0] detected in operand 1 of instruction MUFU.RSQ64H R19, R27 ; in function void geqr2_smem_domino_fast of type f64
#nixnan: error [NaN] detected in operand 1 of instruction DMUL R10, R18, R18 ; in function void geqr2_smem_domino_fast of type f64
#nixnan: error [NaN] detected in operand 2 of instruction DMUL R10, R18, R18 ; in function void geqr2_smem_domino_fast of type f64
#nixnan: error [NaN] detected in operand 1 of instruction DFMA R16, R10, R16, 0.5 ; in function void geqr2_smem_domino_fast of type f64
#nixnan: error [NaN] detected in operand 0 of instruction DFMA R10, R26, -R10, 1 ; in function void geqr2_smem_domino_fast of type f64
#nixnan: error [infinity] detected in operand 0 of instruction MUFU.RSQ64H R19, R27 ; in function void geqr2_smem_domino_fast of type f64
#nixnan: error [NaN] detected in operand 0 of instruction DMUL R10, R18, R18 ; in function void geqr2_smem_domino_fast of type f64
#nixnan: error [NaN] detected in operand 0 of instruction DFMA R16, R10, R16, 0.5 ; in function void geqr2_smem_domino_fast of type f64
#nixnan: error [NaN] detected in operand 2 of instruction DFMA R10, R26, -R10, 1 ; in function void geqr2_smem_domino_fast of type f64
#nixnan: error [NaN] detected in operand 0 of instruction DMUL R10, R18, R10 ; in function void geqr2_smem_domino_fast of type f64
#nixnan: error [NaN] detected in operand 2 of instruction DMUL R10, R18, R10 ; in function void geqr2_smem_domino_fast of type f64
#nixnan: error [NaN] detected in operand 1 of instruction DFMA R10, R16, R10, R18 ; in function void geqr2_smem_domino_fast of type f64
#nixnan: error [NaN] detected in operand 1 of instruction DMUL R10, R18, R10 ; in function void geqr2_smem_domino_fast of type f64
#nixnan: error [NaN] detected in operand 2 of instruction DFMA R10, R16, R10, R18 ; in function void geqr2_smem_domino_fast of type f64
#nixnan: error [NaN] detected in operand 3 of instruction DFMA R10, R16, R10, R18 ; in function void geqr2_smem_domino_fast of type f64
#nixnan: error [NaN] detected in operand 2 of instruction DMUL R24, R26, R10 ; in function void geqr2_smem_domino_fast of type f64
#nixnan: error [NaN] detected in operand 0 of instruction DMUL R24, R26, R10 ; in function void geqr2_smem_domino_fast of type f64
#nixnan: error [NaN] detected in operand 0 of instruction DFMA R10, R16, R10, R18 ; in function void geqr2_smem_domino_fast of type f64
#nixnan: error [NaN] detected in operand 1 of instruction DFMA R20, R24, -R24, R26 ; in function void geqr2_smem_domino_fast of type f64
#nixnan: error [NaN] detected in operand 2 of instruction DFMA R20, R24, -R24, R26 ; in function void geqr2_smem_domino_fast of type f64
#nixnan: error [NaN] detected in operand 0 of instruction DFMA R20, R24, -R24, R26 ; in function void geqr2_smem_domino_fast of type f64
#nixnan: error [NaN] detected in operand 1 of instruction DFMA R8, R20, R16, R24 ; in function void geqr2_smem_domino_fast of type f64
#nixnan: error [NaN] detected in operand 3 of instruction DFMA R8, R20, R16, R24 ; in function void geqr2_smem_domino_fast of type f64
#nixnan: error [NaN] detected in operand 0 of instruction DFMA R8, R20, R16, R24 ; in function void geqr2_smem_domino_fast of type f64
#nixnan: running kernel [void orgqr_step1_kernel] ...
#nixnan: running kernel [void cutlass::Kernel2] ...
#nixnan: running kernel [void larft_T_64_batch] ...
#nixnan: running kernel [void batch_eye_kernel] ...
#nixnan: running kernel [void lacpy_kernel] ...
#nixnan: running kernel [k_colscale] ...
#nixnan: running kernel [k_d2s] ...
#nixnan: running kernel [k_s2d] ...
    ✓ EXCEPTION FOUND in F64 at κ=5000
  F32 → phase8_logs/phase8_κ5000_F32.log
------------- NVBit (NVidia Binary Instrumentation Tool v1.8) Loaded --------------
NVBit core environment variables (mostly for nvbit-devs):
ACK_CTX_INIT_LIMITATION = 0 - if set, no warning will be printed for nvbit_at_ctx_init()
            NVDISASM = nvdisasm - override default nvdisasm found in PATH
            NOBANNER = 0 - if set, does not print this banner
       NO_EAGER_LOAD = 1 - lazy module loading is now turned on by default. If you see deadlocks in your tool, set NO_EAGER_LOAD to 0
---------------------------------------------------------------------------------
         INSTR_BEGIN = 0 - Beginning of the instruction interval where to apply instrumentation
           INSTR_END = 4294967295 - End of the instruction interval where to apply instrumentation
        TOOL_VERBOSE = 0 - Enable verbosity inside the tool
   ENABLE_FUN_DETAIL = 0 - Enable detailed function information for kernel
     PRINT_ILL_INSTR = 0 - Print the instruction which caused the exception
            SAMPLING = 0 - Instrument a repeat kernel every SAMPLING times
           INSTR_MEM = 0 - Instrument memory instructions for NaN/Inf detection
           HISTOGRAM = 0 - Enable FP exponent histogramming
       BIN_SPEC_FILE =  - Specification for which exponent ranges to report. If the file does not exist, a template specification will be created.
For example:
{
    "count": 128,
    "doublings": 0,
    "bf16": [],
    "f16": [[0,5],[-4,-1]],
    "f32": [],
    "f64": []
}
will report every 128 occurrences of exponents in the ranges 0 to 5 and -4 to -1 for f16 numbers.

If `doublings=-N`, where `N` is positive, then each bucket will begin with a
size of `count`. When a bucket reaches the count threshold, it will double the
threshold and report. This doubling will continue until one bucket has been
doubled N times, then all buckets are reset to `count`.
             LOGFILE =  - Path to the optional log file. Default is to print to stderr. This is useful for the case when an instrumented program is capturing stderr.
           LINE_INFO = 1 - Disable debug information for source code locations. Having this enabled may cause crashes, so set this to 0 if you encounter issues.
#nixnan: ----------------------------------------------------------------------------------
WARNING: Do not call CUDA memory allocation in nvbit_at_ctx_init(). It will cause deadlocks. Do them in nvbit_tool_init(). If you encounter deadlocks, remove CUDA API calls to debug.
#nixnan: Initializing GPU context...
#nixnan: Could not open kernel_whitelist.txt!
#nixnan: Could not open kernel_blacklist.txt!
#nixnan: Instrumenting all kernels
#nixnan: running kernel [generate_seed_pseudo] ...
#nixnan: #nixnan: warning: Infinite immediate found in operand 3 of @P1 DFMA R44, R50, R44, +INF  ;
#nixnan: #nixnan: warning: Infinite immediate found in operand 3 of @P1 DFMA R44, R56, R44, +INF  ;
#nixnan: running kernel [void gen_sequenced_Philox] ...
#nixnan: running kernel [copy_info_kernel] ...
#nixnan: running kernel [void geqr2_smem_domino_fast] ...
#nixnan: error [div0] detected in operand 1 of instruction MUFU.RSQ64H R19, R27 ; in function void geqr2_smem_domino_fast of type f64
#nixnan: error [infinity] detected in operand 0 of instruction MUFU.RSQ64H R19, R27 ; in function void geqr2_smem_domino_fast of type f64
#nixnan: error [NaN] detected in operand 2 of instruction DFMA R10, R26, -R10, 1 ; in function void geqr2_smem_domino_fast of type f64
#nixnan: error [NaN] detected in operand 0 of instruction DFMA R16, R10, R16, 0.5 ; in function void geqr2_smem_domino_fast of type f64
#nixnan: error [NaN] detected in operand 2 of instruction DMUL R10, R18, R18 ; in function void geqr2_smem_domino_fast of type f64
#nixnan: error [NaN] detected in operand 1 of instruction DFMA R16, R10, R16, 0.5 ; in function void geqr2_smem_domino_fast of type f64
#nixnan: error [NaN] detected in operand 0 of instruction DFMA R10, R26, -R10, 1 ; in function void geqr2_smem_domino_fast of type f64
#nixnan: error [NaN] detected in operand 0 of instruction DMUL R10, R18, R18 ; in function void geqr2_smem_domino_fast of type f64
#nixnan: error [NaN] detected in operand 1 of instruction DMUL R10, R18, R10 ; in function void geqr2_smem_domino_fast of type f64
#nixnan: error [NaN] detected in operand 1 of instruction DMUL R10, R18, R18 ; in function void geqr2_smem_domino_fast of type f64
#nixnan: error [NaN] detected in operand 0 of instruction DMUL R10, R18, R10 ; in function void geqr2_smem_domino_fast of type f64
#nixnan: error [NaN] detected in operand 2 of instruction DMUL R10, R18, R10 ; in function void geqr2_smem_domino_fast of type f64
#nixnan: error [NaN] detected in operand 2 of instruction DFMA R10, R16, R10, R18 ; in function void geqr2_smem_domino_fast of type f64
#nixnan: error [NaN] detected in operand 1 of instruction DFMA R10, R16, R10, R18 ; in function void geqr2_smem_domino_fast of type f64
#nixnan: error [NaN] detected in operand 3 of instruction DFMA R10, R16, R10, R18 ; in function void geqr2_smem_domino_fast of type f64
#nixnan: error [NaN] detected in operand 2 of instruction DMUL R24, R26, R10 ; in function void geqr2_smem_domino_fast of type f64
#nixnan: error [NaN] detected in operand 0 of instruction DMUL R24, R26, R10 ; in function void geqr2_smem_domino_fast of type f64
#nixnan: error [NaN] detected in operand 0 of instruction DFMA R20, R24, -R24, R26 ; in function void geqr2_smem_domino_fast of type f64
#nixnan: error [NaN] detected in operand 0 of instruction DFMA R10, R16, R10, R18 ; in function void geqr2_smem_domino_fast of type f64
#nixnan: error [NaN] detected in operand 1 of instruction DFMA R20, R24, -R24, R26 ; in function void geqr2_smem_domino_fast of type f64
#nixnan: error [NaN] detected in operand 1 of instruction DFMA R8, R20, R16, R24 ; in function void geqr2_smem_domino_fast of type f64
#nixnan: error [NaN] detected in operand 2 of instruction DFMA R20, R24, -R24, R26 ; in function void geqr2_smem_domino_fast of type f64
#nixnan: error [NaN] detected in operand 0 of instruction DFMA R8, R20, R16, R24 ; in function void geqr2_smem_domino_fast of type f64
#nixnan: error [NaN] detected in operand 3 of instruction DFMA R8, R20, R16, R24 ; in function void geqr2_smem_domino_fast of type f64
#nixnan: running kernel [void orgqr_step1_kernel] ...
#nixnan: running kernel [void cutlass::Kernel2] ...
#nixnan: running kernel [void larft_T_64_batch] ...
#nixnan: running kernel [void batch_eye_kernel] ...
#nixnan: running kernel [void lacpy_kernel] ...
#nixnan: running kernel [k_colscale] ...
#nixnan: running kernel [k_d2s] ...
#nixnan: running kernel [k_s2d] ...
